GO	Genes	Gene_Count	Term_Description	50perc_contaminated_Genes	100perc_contaminated_Genes	Genes enriched term id	Genes enriched term description	Genes adj p-value	Genes overlap over enriched	Genes overlaping genes	50perc_contaminated_Genes enriched term id	50perc_contaminated_Genes enriched term description	50perc_contaminated_Genes adj p-value	50perc_contaminated_Genes overlap over enriched	50perc_contaminated_Genes overlaping genes	100perc_contaminated_Genes enriched term id	100perc_contaminated_Genes enriched term description	100perc_contaminated_Genes adj p-value	100perc_contaminated_Genes overlap over enriched	100perc_contaminated_Genes overlaping genes
GO:0061740	HSPA8 LAMP2 CLU	3	protein targeting to lysosome involved in chaperone-mediated autophagy	CLU RAB28 PRAMEF19	VEZT TERF1 TTC3	GO:0061740	protein targeting to lysosome involved in chaperone-mediated autophagy	5.498673439569918e-10	3/3	HSPA8,LAMP2,CLU	GO:0002434	immune complex clearance	0.0444252381314669	1/5	CLU	GO:0032214	negative regulation of telomere maintenance via semi-conservative replication	0.0133480173754731	1/2	TERF1
GO:0045056	LRP1 PICALM CLTC USO1 VPS35 FCMR RAB5A AGER IGF1R MFSD2A PIGR GP2 RAB11A RAB17 LRP2 LRPAP1 GPIHBP1 FCGRT SRC RAB11B PTAFR	21	transcytosis	CLTC VPS35 FCGRT PTAFR RAB11B USO1 LRP1 LRP2 LRPAP1 RAB11A NABP1 EEF1AKMT2 RELL1 ALKBH3 RAD23A RNASET2 STEAP4 KCNJ13 SLC6A16 QNG1 MAML2	LDAH ADH1A MAP3K6 PABIR1 AMY1C PRSS54 LGALS12 GLYCTK SIK3 METTL18 DSN1 BTLA PRAMEF2 HYPK PYGL ENDOD1 ZNF333 POLR1E MAP3K9 EWSR1 ZNF573	GO:0045056	transcytosis	1.3142055385752272e-66	21/21	USO1,RAB11B,LRP1,FCGRT,MFSD2A,VPS35,LRP2,GPIHBP1,RAB11A,IGF1R,AGER,PICALM,RAB17,PTAFR,LRPAP1,FCMR,SRC,CLTC,PIGR,RAB5A,GP2	GO:0045056	transcytosis	2.5309814333574006e-22	10/21	LRP1,USO1,FCGRT,RAB11B,CLTC,VPS35,LRP2,PTAFR,LRPAP1,RAB11A	GO:0006015	5-phosphoribose 1-diphosphate biosynthetic process	0.2973581065864223	1/6	PYGL
GO:0141085	PPP2CA CD36 MARK4 CPTP TREM2 TLR6 ATAT1 FBXL2 IRGM PYDC5 MEFV MYD88 PRKD1 TRIM31 TRIM11 GBP5 SIRT2 PLCG2 MAPK8 EIF2AK2 GBP2 MAVS PYDC1 CSNK1A1 ZDHHC12 PYDC2 USP50 BTK PTPN22 STMP1 DDX3X NLRC3 HSPA8 NEK7 NLRP2B CARD8 TLR4 DHX33 BRCC3	39	regulation of inflammasome-mediated signaling pathway	PYDC2 BRCC3 USP50 MAVS IRGM PYDC1 GBP2 ZDHHC12 TREM2 NLRC3 NEK7 NLRP2B CPTP GBP5 DDX3X SIRT2 CD36 STMP1 HSPA8 SAMD9 SLC38A10 ZNF628 PURG HOXC12 DLAT COQ2 FZD8 BTNL9 SIX1 MPC2 GPER1 DUSP13A EI24 CA7 CXCL17 COL6A3 CLP1 UVSSA PTGFR	TBC1D24 NIPSNAP2 IL1RL2 EGF PSMG2 GCSAML LIN7A TPTE2 OR2AK2 DNAAF1 CARF DENND1C MIER3 PTAFR LHX2 ZNF516 SMIM22 WDR1 NCBP2 DEFB105A RNF220 LRP6 KRT24 COL6A2 TNFRSF11A SLC44A5 ZNF263 KXD1 OAS2 NDST4 SRGAP2C ICAM2 DRC7 VRK1 PLEKHG6 SLC22A2 GUCD1 TMEM109 KRBOX5	GO:0141085	regulation of inflammasome-mediated signaling pathway	4.769799086763094e-116	39/39	ATAT1,CARD8,GBP5,MEFV,DDX3X,NLRC3,BTK,USP50,PYDC1,EIF2AK2,NEK7,PLCG2,MARK4,PYDC2,MAVS,PTPN22,ZDHHC12,TRIM31,TLR6,CD36,TREM2,FBXL2,STMP1,PRKD1,HSPA8,GBP2,TLR4,CSNK1A1,SIRT2,IRGM,NLRP2B,MYD88,PPP2CA,BRCC3,TRIM11,CPTP,PYDC5,DHX33,MAPK8	GO:0141085	regulation of inflammasome-mediated signaling pathway	4.9052300046859764e-39	19/39	GBP5,DDX3X,NLRC3,USP50,PYDC1,NEK7,PYDC2,MAVS,ZDHHC12,CD36,TREM2,STMP1,HSPA8,GBP2,IRGM,NLRP2B,SIRT2,BRCC3,CPTP	GO:0045199	maintenance of epithelial cell apical/basal polarity	0.0025756501092307	3/11	LHX2,WDR1,LIN7A
GO:0036148	CRLS1 SERAC1 PLA2G4D PLA2G4F LPGAT1 LPCAT4 PLA2G4B JMJD7-PLA2G4B LPCAT1 PLA2G2F	10	phosphatidylglycerol acyl-chain remodeling	JMJD7-PLA2G4B LPGAT1 PLA2G2F PLA2G4F CRLS1 IMMT SCUBE3 TSPO TNFRSF10A ZNF662	EIF3B GID8 ARPC5 KLHL3 SPDEF PRMT9 PTPN9 AP4E1 ZNF414 USP39	GO:0036148	phosphatidylglycerol acyl-chain remodeling	4.8430528559895626e-34	10/10	PLA2G4B,CRLS1,LPCAT4,LPGAT1,JMJD7-PLA2G4B,PLA2G4F,LPCAT1,PLA2G2F,PLA2G4D,SERAC1	GO:0036148	phosphatidylglycerol acyl-chain remodeling	3.2338055025973037e-12	5/10	CRLS1,LPGAT1,JMJD7-PLA2G4B,PLA2G4F,PLA2G2F	GO:0075525	viral translational termination-reinitiation	0.1697127250383533	1/5	EIF3B
GO:1901797	MIF SIRT1 TWIST1 DYRK1A MUC1 ARMC10 MARCHF7 CD74 TAF9 DYRK3 PTTG1IP ING2 CD44 RRN3 YJU2 KDM1A ATAD5 RRM2B SNAI2 RFFL TRIAP1 TAF9B BDKRB2 MDM2 BCL2 ELL3 RNF34 ZNF385A NOP53 SNAI1 PRKN HAPSTR1 PSMD10	33	negative regulation of signal transduction by p53 class mediator	MDM2 CD74 SNAI1 MUC1 TAF9 PRKN SNAI2 RNF34 HAPSTR1 BCL2 TAF9B YJU2 MIF ZNF385A ATAD5 BDKRB2 TRIM47 TUBD1 CD69 KCNH4 UBE2Z KIF24 COQ8A PSMD7 SPTA1 PRKD2 HAVCR2 PLEKHG4B C7 VPS41 DHX34 PODXL CA8	RAB40AL BAG3 CGGBP1 ZNF583 ZFYVE19 USP17L21 ATP8A1 USP29 TRIM49D1 ARL2BP GRIP2 PGK1 PROCA1 HSD17B1 TCN1 CFAP161 ZCCHC17 MED7 FOXI3 ERAP1 CELF6 TF STK32A SLC9C2 SLC30A4 GSDME MFSD8 OBSL1 HLA-DQB1 ADH1C MBOAT4 ABCC6 OBSCN	GO:1901797	negative regulation of signal transduction by p53 class mediator	5.054021216488304e-100	33/33	CD44,MIF,TWIST1,ELL3,TRIAP1,PRKN,BCL2,SIRT1,RRM2B,MUC1,ARMC10,DYRK1A,YJU2,ZNF385A,RFFL,HAPSTR1,TAF9B,RRN3,KDM1A,CD74,PSMD10,NOP53,ING2,MARCHF7,MDM2,TAF9,SNAI1,PTTG1IP,SNAI2,DYRK3,BDKRB2,RNF34,ATAD5	GO:1901797	negative regulation of signal transduction by p53 class mediator	1.1678359003663921e-33	16/33	CD74,MUC1,MIF,YJU2,ZNF385A,MDM2,TAF9,BDKRB2,PRKN,RNF34,SNAI1,HAPSTR1,ATAD5,TAF9B,SNAI2,BCL2	GO:0030643	intracellular phosphate ion homeostasis	0.3973751888760641	1/10	ABCC6
GO:0014896	IGFBP5 NOTCH1 PARP2 NR4A3 ADCY10 LMCD1 CAMK2D GATA6 EZH2 HDAC2 ATP2B4 TNFRSF1A SLC9A1 COL14A1 P2RX4 MYH7 AGT MYH6 PPP3CA PRKG1 PAK2 SMAD3 PDE9A MEF2A MYOC BMP10 GATA4 LMNA LEP IGF1 AKAP6 RYR2 KDM4A TRIM63 HEY2 GSK3A ROCK1 ADRA1A MTPN CAMTA2 TWF1 GLRX3 INPP5F PPARG MYMK MEIS1 TRPC3 FOXP1 NPPA TOMM70 ROCK2 HTR2B IL6ST YY1 MAP2K4 PDLIM5 EDN1 FOXO1 ACACB G6PD MSTN TNFRSF1B TIAM1 PARP1 BECN1 HAND2 MLIP CSRP3 TCAP ATP2A2 GATA5 TTN RGS2 PDE5A RAP1GDS1 PPARA CAV3 CTDP1 PRKCA KLF15 SMAD4 CYBA SORBS2 RGS4 PI16 JARID2 HDAC4	87	muscle hypertrophy	JARID2 COL14A1 SMAD3 MEF2A RAP1GDS1 HDAC4 CYBA FOXP1 IGFBP5 TIAM1 TRIM63 IL6ST ROCK1 GSK3A LMCD1 PAK2 INPP5F PRKG1 MYH6 CTDP1 TWF1 NPPA EDN1 GATA6 LMNA MTPN PDLIM5 MYH7 GATA5 BMP10 CSRP3 LEP ADRA1A MEIS1 PPARG SORBS2 YY1 MYOC RYR2 BECN1 TOMM70 PDE9A RGS4 XYLT1 SLC18A2 PLIN2 TMED10 GAB3 CCL3L3 WDR55 VGLL2 ATRIP FUT3 DCTN3 KRT17 ITGBL1 HEATR5A URGCP LSM2 ZNFX1 STARD13 PTK7 DAAM1 SLC15A3 MICB CRAMP1 DDX10 ZNF425 QKI TMEM50B ATL3 DDX25 MFSD2B TPCN1 DDX3Y ZNF141 SLC25A20 FANCD2 PLAC1 PPP1R13B CCM2L IMMP1L DHODH NUDT21 RNASE8 HSD17B6 ZNF615	OR2G6 FCAMR PELI3 NOP16 CHCHD5 OR1C1 ZNF284 ASCL1 PA2G4 CARMIL2 NLGN4Y MRGPRE SSH3 CCDC120 WDR38 CATSPERD ATF2 HACD2 XAF1 UNC45A PSMB2 HEG1 KIFAP3 FKBP7 RLIM GRWD1 PITPNM1 IKZF2 GPX8 PALM TBPL2 SPMIP10 PIGM DNTTIP2 INIP EFHB ETF1 OR2V1 OR10A6 MPC1L ZNF548 MMP17 GPR171 RIPK3 CEBPB KHNYN CDC14B KCNT1 RPL26 RBFA GLCE THBD OR1M1 CALCOCO2 CDKN3 RNASE3 GPR3 GMNN SOX11 MLXIPL PTGIR SLC20A1 NFKB2 N4BP1 CEP70 CCDC88A SIPA1L2 RGS9BP PHF13 KANSL2 HPCA CD28 METTL9 FAM151B MMEL1 DNAJB1 LGMN BOC ANGPTL4 B4GALNT1 PPBP GPR89A AMTN TAOK1 GRIN3A SIK2 DYNLT2B	GO:0014896	muscle hypertrophy	8.428923299282802e-233	87/87	PDE9A,CTDP1,BMP10,ATP2A2,RGS2,P2RX4,PPARA,ADCY10,G6PD,PAK2,MAP2K4,TNFRSF1A,ROCK1,FOXP1,PARP1,MEF2A,SLC9A1,RYR2,IGF1,MYMK,TIAM1,IGFBP5,HEY2,GATA4,KDM4A,GATA5,HDAC4,LMNA,SMAD3,HAND2,PDLIM5,AKAP6,LEP,ACACB,TCAP,PDE5A,CAMTA2,EZH2,FOXO1,GATA6,MEIS1,CSRP3,YY1,MYOC,HDAC2,SORBS2,PRKG1,PARP2,ADRA1A,TRPC3,SMAD4,COL14A1,MLIP,LMCD1,MSTN,KLF15,TNFRSF1B,INPP5F,ATP2B4,TWF1,PI16,BECN1,TRIM63,CAV3,NPPA,CAMK2D,GLRX3,JARID2,IL6ST,TOMM70,HTR2B,MYH6,PPARG,CYBA,TTN,MYH7,NR4A3,RGS4,AGT,RAP1GDS1,NOTCH1,PRKCA,MTPN,GSK3A,PPP3CA,ROCK2,EDN1	GO:0014896	muscle hypertrophy	3.763045265176589e-76	43/87	IL6ST,TOMM70,PDE9A,CTDP1,GATA5,BMP10,MYH6,PPARG,HDAC4,CYBA,ADRA1A,MYH7,RGS4,LMNA,SMAD3,PAK2,RAP1GDS1,COL14A1,PDLIM5,MTPN,LEP,LMCD1,GSK3A,ROCK1,FOXP1,GATA6,INPP5F,MEIS1,MEF2A,TWF1,RYR2,CSRP3,EDN1,BECN1,TIAM1,IGFBP5,YY1,TRIM63,NPPA,MYOC,SORBS2,JARID2,PRKG1	GO:0021550	medulla oblongata development	0.3228730126093826	2/4	ASCL1,ATF2
GO:1903025	DDRGK1 ZNF593 HAND1 DAZAP2 DDIT3 LAMTOR5 NSD1	7	regulation of RNA polymerase II regulatory region sequence-specific DNA binding	LAMTOR5 ZNF593 HAND1 OR4F5 MMP27 OR6C1 ZNF556	KCNC1 CYCS ZNF585A MLXIPL OR51A7 LY6K TOPBP1	GO:1903025	regulation of RNA polymerase II regulatory region sequence-specific DNA binding	6.919297485787257e-24	7/7	DDIT3,NSD1,ZNF593,HAND1,DAZAP2,DDRGK1,LAMTOR5	GO:1903025	regulation of RNA polymerase II regulatory region sequence-specific DNA binding	4.571805163108571e-07	3/7	LAMTOR5,ZNF593,HAND1	GO:0045991	carbon catabolite activation of transcription	0.1067043082559273	1/8	MLXIPL
GO:0043406	ADRA2A TLR6 CCL19 TRAF6 DAB2IP TAOK3 TRAF2 IRAK1 EGF EZH2 DIRAS1 DUSP19 IL1B GHR MAP3K10 PDGFA TPD52L1 DRD4 FGF18 EPGN PAK1 DIRAS2 TNFSF11 S100A12 SASH1 DVL2 RPS3 PDGFRB FGFR1 TNFRSF11A TNF GH1 INSR RASGRP1 MAP3K13 FLT3 PIK3CG NTRK3 PTPN1 PDCD10 THBS1 MAP2K7 MST1R MAP3K5 HTR2B FLT1 EDN1 PDGFB PDGFC NTF3 LRRK2 MAP2K5 CD24 PIK3R5 EDN3 MAP3K11 PDGFD FGF1 IL34 HRAS KIT ERN1 MAP3K12 NEK10 ELANE MAP3K4 WNT5A CD40 MAP4K2 PLA2G1B MAP3K7 TENM1 VEGFA ROBO1 ERP29 CRIPTO ARHGEF5 FGF2 ADAM9 PIK3R6 ERBB2 TLR4 EGFR	83	positive regulation of MAP kinase activity	TRAF6 DAB2IP KIT EZH2 PTPN1 WNT5A TLR4 MAP3K4 NTF3 ERP29 ADRA2A IL1B DIRAS2 EDN3 FGF18 PDGFD PDGFA CRIPTO EGFR ERBB2 RASGRP1 PIK3R5 ROBO1 TPD52L1 FLT3 GHR FLT1 DIRAS1 MST1R THBS1 DUSP19 TENM1 TRAF2 PIK3CG MAP3K12 PIK3R6 DRD4 TAOK3 LRRK2 PLA2G1B INSR HAPLN3 OR8B2 POLR2G ALKBH8 DDN RBBP9 KANSL2 ZNF571 HK1 ZNF317 ARHGEF25 FBXO30 PRODH OR2Y1 MCRS1 DNAJC2 LIAS CCDC115 TCTN2 MYO1B VSTM4 UBQLN2 MYLIP CYP2E1 PRNP SDF4 SFTPB MAP9 MBNL3 CARMIL2 ARL13B SLC25A39 YKT6 KCNA6 HTR6 OPRL1 TTYH3 GPR176 TANC1 ELOVL5 ASB9 SERPINF1	NIBAN1 GBP3 U2AF2 TRIML2 CDKN2D RTN3 ZNF705G EIF4E1B FRAS1 VIL1 UBQLN1 PLPPR4 CDH15 DPF1 ZNF610 BSPH1 RAPGEF6 EIF3H SIM2 ACSM1 PIDD1 MESP2 TNFRSF14 MON1A LRRC47 DNAI1 SPRR2G ZP4 ST6GAL1 KCTD13 ACKR4 MEGF11 TLE3 CDC25C AK3 ERLEC1 ACE CFAP52 CDHR1 TEP1 TIA1 ANKK1 ZNG1A HAS3 POMT2 APC2 CARMIL3 SARDH ZFYVE26 ZPBP FER1L5 CLDN34 MFAP2 MTX3 BORCS6 CSRP2 MTFP1 RPS17 USP18 ADGRE2 MAL2 ORAI3 LRRC56 TRIM49 EIF3L MGAT4B PAX1 OR14I1 SMOC2 FTH1 UNC50 COX18 MAS1 RABGGTA NSF EIF6 RNGTT ATP8 KLHL24 MED20 TMEM38B IGSF9 IL20	GO:0043406	positive regulation of MAP kinase activity	1.2837344217511896e-223	83/83	VEGFA,CD40,NTRK3,PIK3CG,DIRAS2,GHR,EGFR,NEK10,TAOK3,FGF2,TENM1,FLT3,NTF3,S100A12,MAP3K12,MAP3K5,MAP2K5,TNFSF11,EPGN,EDN3,CRIPTO,MAP2K7,FGF18,DIRAS1,EZH2,PDGFD,IL1B,TLR4,MAP3K7,DVL2,INSR,HRAS,EGF,MAP3K4,FGFR1,MAP3K13,ROBO1,TNF,PIK3R5,SASH1,FGF1,GH1,PDGFB,DAB2IP,ERBB2,CD24,RPS3,PDGFA,ERP29,RASGRP1,WNT5A,PIK3R6,PLA2G1B,PAK1,DRD4,HTR2B,ERN1,ARHGEF5,CCL19,ADRA2A,PDCD10,KIT,TLR6,TRAF6,PDGFC,MAP3K10,MST1R,LRRK2,IL34,TNFRSF11A,IRAK1,PTPN1,ADAM9,MAP3K11,PDGFRB,MAP4K2,DUSP19,EDN1,FLT1,THBS1,TRAF2,ELANE,TPD52L1	GO:0043406	positive regulation of MAP kinase activity	2.6253686531707533e-73	41/83	DRD4,MAP3K12,MAP3K4,ADRA2A,ROBO1,PIK3R5,PIK3CG,EDN3,DIRAS2,CRIPTO,KIT,TRAF6,FGF18,GHR,MST1R,EGFR,DAB2IP,LRRK2,PTPN1,DIRAS1,EZH2,PDGFD,IL1B,ERBB2,TLR4,TAOK3,DUSP19,INSR,PDGFA,ERP29,RASGRP1,FLT1,THBS1,TENM1,WNT5A,PIK3R6,PLA2G1B,FLT3,NTF3,TRAF2,TPD52L1	GO:0006413	translational initiation	0.6383540330374889	5/124	EIF3L,EIF3H,RPS17,EIF4E1B,EIF6
GO:0071459	TTK H4C2 H2BC11 CENPA SPDL1 H4C15 H4C6 CHAMP1 H4C13 H2AC4 IK H4C16 H4C5 H4C12 HASPIN RB1 SMC5 MTBP TRAPPC12 H4C8 CDK1 CENPQ H2AC8 CTCF H4C3 ZWILCH KNTC1 RCC2 AURKB H4C9 KNL1 BOD1 ZW10 BUB3 JARID2 BUB1B	36	protein localization to chromosome, centromeric region	H4C2 SPDL1 H4C3 H4C13 IK BUB1B H2AC4 AURKB CDK1 H2BC11 CTCF CHAMP1 H2AC8 ZWILCH RCC2 H4C5 JARID2 KNTC1 WWC1 PRAMEF12 POLB FDPS ARF4 SORL1 CCDC34 BCAS2 CSKMT BNIP1 ZAP70 FADD AKR1D1 SNX20 ATG101 ZNRF4 LGALS9C CLEC5A	RSRC1 NPHP4 DOLPP1 PCYOX1 ADA2 UFD1 SSBP4 BLCAP AQP6 DDO LCK XAF1 MYBBP1A COX10 NT5C3A MAST2 TSPY8 ZNG1A DCTN3 PRKAG2 OR2AP1 NPEPPS ILRUN ISL2 MED8 TMEM190 SHPK SLC25A22 NKIRAS1 FCMR SLC35F1 SHLD1 OR5M9 SEC31B ELL NDFIP2	GO:0071459	protein localization to chromosome, centromeric region	1.8294247901721082e-108	36/36	CTCF,H4C2,SPDL1,BUB1B,BOD1,H4C12,CDK1,ZWILCH,CENPA,HASPIN,TTK,H4C15,RCC2,IK,H2BC11,H2AC8,BUB3,H4C8,H4C16,CHAMP1,RB1,H4C9,AURKB,ZW10,KNL1,SMC5,H4C3,MTBP,H4C6,KNTC1,CENPQ,H4C13,H4C5,JARID2,TRAPPC12,H2AC4	GO:0071459	protein localization to chromosome, centromeric region	4.812008776214973e-38	18/36	CTCF,H4C2,SPDL1,AURKB,KNTC1,H2AC4,RCC2,BUB1B,H4C3,IK,H2BC11,H2AC8,H4C13,H4C5,JARID2,CDK1,CHAMP1,ZWILCH	GO:0032480	negative regulation of type I interferon production	0.1075093947588199	3/43	ILRUN,XAF1,UFD1
GO:0072734	CASP6 CASP3 SLC34A1 CASP7	4	cellular response to staurosporine	CASP6 CASP3 TAF13 GPR34	ARHGAP10 GJA1 FUCA2 NEK7	GO:0072734	cellular response to staurosporine	1.338029787817935e-13	4/4	SLC34A1,CASP7,CASP6,CASP3	GO:0072734	cellular response to staurosporine	0.0001016110817092	2/4	CASP6,CASP3	GO:0060004	reflex	0.0778121231343128	1/22	GJA1
GO:0036017	KIT CD40 MT2A EPO RHEX MT1X EPOR	7	response to erythropoietin	EPO RHEX EPOR ADPRHL1 ITIH1 TIRAP PCDHB14	UQCRFS1 CTNNA1 CAVIN2 DTNBP1 UPRT DIP2B PIMREG	GO:0036017	cellular response to erythropoietin	4.6108346802297125e-24	7/7	EPOR,EPO,MT1X,MT2A,KIT,CD40,RHEX	GO:0038162	erythropoietin-mediated signaling pathway	1.0387255329060001e-07	3/4	EPO,RHEX,EPOR	GO:0009130	pyrimidine nucleoside monophosphate biosynthetic process	0.1105709433163608	1/15	UPRT
GO:0008292	SLC44A4 CHAT SLC5A7	3	acetylcholine biosynthetic process	SLC5A7 CDC14A ANKRD39	CDH11 SLC22A8 RHOBTB2	GO:0008292	acetylcholine biosynthetic process	1.508485633864314e-10	3/3	SLC44A4,SLC5A7,CHAT	GO:0008292	acetylcholine biosynthetic process	0.0496741145158771	1/3	SLC5A7	GO:0003189	aortic valve formation	0.0468749996764625	1/2	CDH11
GO:0032075	HMGB2 AKT1 RPS3 DDX11 PCNA PRKCD	6	positive regulation of nuclease activity	AKT1 DDX11 HMGB2 PCYOX1 H6PD NLRP9	FAM50A AKAP6 TRPM5 ABRACL ADGRF3 MGAT4A	GO:0032075	positive regulation of nuclease activity	3.929791861515509e-20	6/6	PCNA,AKT1,PRKCD,HMGB2,RPS3,DDX11	GO:0032075	positive regulation of nuclease activity	5.253285262309174e-07	3/6	AKT1,DDX11,HMGB2	GO:0019082	viral protein processing	0.112594249125487	1/31	MGAT4A
GO:0015760	G6PC3 SLC37A3 SLC37A1 G6PC1 SLC37A4 SLC37A2 SLC17A3	7	glucose-6-phosphate transport	SLC37A1 SLC37A3 G6PC1 APOL2 TLR2 PLXNB3 OR51D1	OR2J2 GSTT2B BASP1 CMAS FRMD6 SLC12A3 IFI27L2	GO:0015760	glucose-6-phosphate transport	1.4009141036365043e-24	7/7	SLC37A3,SLC37A2,SLC37A1,SLC17A3,G6PC3,G6PC1,SLC37A4	GO:0015760	glucose-6-phosphate transport	8.116071055029874e-07	3/7	SLC37A1,G6PC1,SLC37A3	GO:0007354	zygotic determination of anterior/posterior axis, embryo	0.1133935360431889	1/6	BASP1
GO:1904377	ZDHHC2 LRP1 EFCAB7 WNT3A TREM2 SORBS1 EGFR ARHGEF16 ACSL3 GNAI1 PRKCE WNK3 AGR2 AKAP5 ZDHHC5 VIL1 PTPN9 RAMP3 VPS35 LGALS3 ARF6 PLS1 STX4 PDPK1 ITGA3 DLG1 EZR STAC2 KCNJ11 GPSM2 EPHB2 SPTBN1 EPB41L2 PPP1R9B TNF ITGB1 GPER1 STX3 CNST KIF5B EPHA2 RER1 ATP2C1 AKT1 PIAS1 DPP10 ATP2B4 SQSTM1 NUMA1 PRKCI SNCA PRNP NKD2 STAC3 RAB11FIP2 CACNG2 RAB38 EPB41 EPHA3 CNPY4 RHOG RACK1 IFNG CLIP3 RANGRF CIB1 STAC PGRMC1 PRKCH ZDHHC8 CLN3 EIF4G1 PIK3R1	73	positive regulation of protein localization to cell periphery	EPB41 PTPN9 DLG1 VIL1 EGFR RER1 SORBS1 RHOG GPSM2 KIF5B CNST DPP10 PIK3R1 GNAI1 CLN3 STAC2 ZDHHC8 VPS35 AGR2 AKAP5 STAC ATP2B4 EFCAB7 TREM2 PIAS1 PDPK1 NUMA1 PRKCE SNCA GPER1 ARF6 TNF EPB41L2 ACSL3 ARHGEF16 RACK1 INHBB BCLAF3 PPT2 EZH1 AUTS2 ZMYND15 OR10H3 DCT COG3 ATRIP FRAT1 BATF IGSF23 RALBP1 MCM3AP POMT2 GLB1L2 NEK2 MADCAM1 GRID2 SMPD4 ZNF664-RFLNA PHC1 ADAM23 KLKB1 IL7R CCNE1 WDR11 NIBAN2 CNTNAP4 PABPC3 CA14 ZSCAN26 KHDRBS3 MAPK8 FOXD4L6 XRCC2	C17orf75 MEGF9 EMG1 NOSTRIN ARRB2 ZSCAN21 CSNK2A1 CX3CR1 IL17RB SEC22C TNFRSF17 SLC24A2 OTP CECR2 SHOC2 RGS12 SLC25A21 LSM14B TAOK3 PPP2R2B HK2 SV2A BMP8B RUNX2 SUB1 HECTD2 ANPEP NR6A1 RXRA USP4 PLD2 PDSS2 USP17L11 WDR7 ZDHHC6 VTI1A KALRN SYNJ2BP MAP7D1 BARX1 NRAS TNFSF4 LMX1B FAM111A KARS1 ATG2A DCPS FAM86B2 NID1 KSR2 ZNF254 RGS9 THOC5 TRIM5 LGALS13 RASA3 CDC40 PLEKHN1 CATSPER3 COL4A2 NCAPH2 CYLC1 FATE1 LECT2 TMEM132E ST7 NDUFB9 TFF3 PDIA2 LMNTD1 PYGL ATP5MC3 TBC1D15	GO:1904377	positive regulation of protein localization to cell periphery	2.6880149127332794e-200	73/73	GPER1,PRNP,RAMP3,ACSL3,ARF6,AKT1,STAC3,EIF4G1,KCNJ11,CLIP3,CLN3,ITGB1,SORBS1,WNK3,GPSM2,PLS1,ITGA3,IFNG,TNF,SPTBN1,PRKCH,EZR,LRP1,ZDHHC2,CNST,NKD2,ZDHHC8,PIAS1,SQSTM1,DLG1,RHOG,SNCA,LGALS3,VIL1,VPS35,AKAP5,STAC2,PPP1R9B,STX3,RACK1,ARHGEF16,AGR2,CACNG2,WNT3A,PDPK1,CIB1,EGFR,ATP2C1,TREM2,GNAI1,PIK3R1,PTPN9,EPB41,RAB11FIP2,CNPY4,ATP2B4,PRKCI,PGRMC1,ZDHHC5,RER1,STX4,KIF5B,EPB41L2,RAB38,EPHA3,RANGRF,EPHA2,PRKCE,STAC,EPHB2,EFCAB7,DPP10,NUMA1	GO:1904377	positive regulation of protein localization to cell periphery	4.4214218125493135e-66	36/73	GPER1,ACSL3,ARF6,CLN3,SORBS1,GPSM2,TNF,CNST,ZDHHC8,PIAS1,DLG1,RHOG,SNCA,RACK1,VIL1,VPS35,AKAP5,STAC2,ARHGEF16,AGR2,PDPK1,EGFR,TREM2,GNAI1,PIK3R1,PTPN9,EPB41,ATP2B4,RER1,KIF5B,EPB41L2,PRKCE,STAC,EFCAB7,DPP10,NUMA1	GO:0061158	3'-UTR-mediated mRNA destabilization	0.5840253416348034	1/19	PLEKHN1
GO:0042775	NDUFS8 NDUFS5 UQCRC1 NDUFB8 SDHA NDUFS1 COX6A2 COX8A COX4I2 COA6 ND3 CHCHD2 SDHD CDK1 CYCS NDUFB10 PARK7 NDUFB7 ND2 NDUFB2 NDUFA1 COX5B NDUFAB1 COX6B1 ND4L NDUFB1 NDUFV3 COX7A1 UQCRC2 BID NDUFA2 CYC1 NDUFC2-KCTD14 COX6C NDUFA8 COX4I1 CYTB COX7B2 ND6 NDUFB6 NDUFB5 DGUOK COX8C DNAJC15 NDUFV1 UQCRH PINK1 NDUFA6 UQCR11 CCNB1 COX1 ND1 NDUFA4 NDUFS2 TAFAZZIN UQCRHL ND5 NDUFA7 GHITM NDUFS6 ND4 COX3 COX5A SDHAF2 COX15 NDUFV2 COX6A1 UQCR10 UQCC3 NDUFA9 NDUFA12 NDUFB9 NDUFS7 NDUFB4 ISCU NDUFS4 UQCRFS1 COX7B COX7C NDUFS3 COX7A2 SDHC NDUFA3 COX2 NDUFA10 SDHB NDUFC2 NDUFAF1 COQ9 SNCA NDUFB3 AFG1L UQCRB COX7A2L NDUFC1 UQCRQ DLD NDUFA5	98	mitochondrial ATP synthesis coupled electron transport	NDUFB4 COX4I1 UQCRC1 NDUFAF1 COX5B NDUFA4 NDUFA9 CYTB DLD SDHC NDUFA8 SNCA DNAJC15 NDUFB6 NDUFS8 BID COX6A2 COX1 CDK1 NDUFB3 NDUFA7 SDHB GHITM COQ9 NDUFB10 SDHD COX7B2 CCNB1 COX6C NDUFB8 NDUFA5 ND4 COX7C ND6 ND3 UQCR11 NDUFV3 COX8C NDUFA1 DGUOK NDUFC1 ISCU UQCRFS1 COX3 ND5 NDUFA12 UQCC3 NDUFV2 SDHA OR5T3 GMIP GSG1L PTDSS1 ACTL6A SAA2 AKAP8 GAS7 FADS2 ZNF408 EIF2AK1 OR4A5 SNX19 TCFL5 SEC11C TWIST2 RAB6C ACTR3 RBPMS LTF DOCK4 PPIAL4G SMARCB1 ZPLD1 OR8B4 MATN1 FER1L6 EIF3D KDSR SENP8 MFAP1 SERPINA11 WNK2 B4GALT2 CKB IER3IP1 ZNF282 SIRPG TXNDC2 IFNL4 NEUROG2 EIF2AK3 CUX2 DDX24 LMOD2 TJP2 SS18L2 OR13H1 OR10G7	SLC16A1 RSPH9 OR10A7 PRMT9 PRAMEF27 FGFR1OP2 CATSPERB GNA14 RASGEF1C SLC13A1 PIGP SPRED3 PLCH1 MED20 RBCK1 EIF1AX GALNT1 RBFOX2 SYTL2 ATAD2B TKFC CYP46A1 PLPPR2 TENT4B RPL28 ENG MTMR6 CTAG2 KLRG1 RAB40B PMCH NOG OR13H1 MTARC2 OR56A1 MRPS10 ZNF609 NALF2 ELOVL5 LTC4S MCIDAS PPM1A KCNJ3 ALG9 TSSK4 OR10J5 KRTCAP2 IL22RA1 SLC49A4 WWC2 AGRP ATRX RAB6D CHRD TTLL7 RASSF9 KRT5 SH3RF2 DDX28 EPHA5 NPTX1 STT3A ROBO4 TBC1D30 SRRT HAT1 CKLF TUBA1C DLG3 PPIAL4G TRIM49 GOLGA8J LST1 JUN KIF2A CDC45 GID8 CRISPLD2 TBC1D1 LOC102724560 RRH APCS ZNF532 FUT9 SEPTIN10 SYNGR3 FRZB TANC1 ADRA1A CA14 ITIH4 TBCEL TRMT1 MPC2 POLE EFCAB7 CABYR OR51A2	GO:0042775	ATP synthesis coupled electron transport	2.228867483065427e-258	98/98	NDUFS6,DLD,CYCS,NDUFA12,SDHD,COX6A1,COX6C,UQCRHL,PARK7,SDHB,NDUFV2,CYC1,NDUFAB1,NDUFS5,ISCU,COX15,SDHAF2,UQCR11,COX8C,NDUFB7,UQCRFS1,COX6A2,COX4I1,COA6,NDUFB5,COX7B,SNCA,AFG1L,ND5,UQCC3,DGUOK,COX2,NDUFB4,COX7A1,NDUFS2,COX7A2L,NDUFC2-KCTD14,NDUFS4,NDUFB8,NDUFB9,NDUFA9,NDUFA10,NDUFS3,NDUFA8,GHITM,UQCRC1,NDUFC2,NDUFS1,UQCRH,NDUFA4,NDUFB10,NDUFV1,ND3,NDUFAF1,COX7B2,COQ9,DNAJC15,UQCR10,NDUFA1,COX3,UQCRC2,NDUFV3,COX4I2,BID,COX1,COX5B,NDUFB1,NDUFB2,COX7A2,NDUFS8,NDUFA5,NDUFC1,TAFAZZIN,CCNB1,UQCRQ,ND2,UQCRB,SDHC,ND1,CYTB,NDUFA2,CDK1,SDHA,NDUFA7,NDUFB6,COX6B1,CHCHD2,NDUFA6,NDUFS7,ND6,ND4,NDUFB3,ND4L,COX5A,COX7C,COX8A,PINK1,NDUFA3	GO:0042773	ATP synthesis coupled electron transport	1.6246159931264684e-85	49/98	UQCR11,COX8C,DLD,NDUFA4,NDUFA12,CYTB,UQCRFS1,NDUFB10,COX6A2,COX4I1,SDHD,CDK1,COX6C,SDHA,ND3,NDUFAF1,COX7B2,NDUFA7,COQ9,NDUFB6,SNCA,SDHB,DNAJC15,ND5,NDUFV2,NDUFA1,ND6,COX3,NDUFV3,UQCC3,DGUOK,NDUFB4,ND4,BID,NDUFB3,COX1,COX5B,ISCU,NDUFS8,NDUFA5,NDUFB8,NDUFC1,NDUFA9,CCNB1,COX7C,NDUFA8,GHITM,SDHC,UQCRC1	GO:0006487	protein N-linked glycosylation	0.361018479546768	4/72	ALG9,KRTCAP2,FUT9,STT3A
GO:1900153	NANOS3 CNOT7 CPEB3 NANOS1 ZFP36 TNRC6B TOB1 PABPC1 TNRC6C ZFP36L2 AGO2 NANOS2 ZFP36L1 CNOT1 DHX36	15	positive regulation of nuclear-transcribed mRNA catabolic process, deadenylation-dependent decay	CPEB3 NANOS1 NANOS2 CNOT7 PABPC1 AGO2 ZFP36 HAO1 HIPK2 FOXA1 PLCD3 LRRC8C BTG4 TCERG1 RBMX	MBD2 SYNDIG1 CTDP1 SF3B2 OR10A6 XYLT1 OVOL3 MARCHF1 S1PR2 OR1D2 NET1 H2AC7 ZNF235 PTGER3 PAGR1	GO:1900153	positive regulation of nuclear-transcribed mRNA catabolic process, deadenylation-dependent decay	3.828746328942888e-49	15/15	ZFP36L1,TNRC6B,AGO2,TNRC6C,NANOS1,ZFP36L2,NANOS2,TOB1,PABPC1,NANOS3,CNOT1,DHX36,CNOT7,CPEB3,ZFP36	GO:1900153	positive regulation of nuclear-transcribed mRNA catabolic process, deadenylation-dependent decay	4.620579918671145e-16	7/15	AGO2,NANOS1,NANOS2,PABPC1,CNOT7,CPEB3,ZFP36	GO:0031652	positive regulation of heat generation	0.2753615217960556	1/8	PTGER3
GO:0036303	PKD1 TIE1 PDPN VEGFC SVEP1 CCBE1 ACVR2B FOXC1 VEGFA EPHA2 LGALS8 BMPR2 CLEC14A ACVRL1 PTPN14 FOXC2 SOX18 VASH1 FGF2 PROX1 PPP3CB FLT4	22	lymph vessel morphogenesis	FLT4 FOXC2 EPHA2 VEGFA PTPN14 VEGFC ACVRL1 PKD1 CCBE1 ACVR2B FOXC1 PTP4A2 H3C12 IYD CTSS GFRA1 GGPS1 LRRC63 TRPV5 CD74 HPDL VSTM2A	HELZ2 TRERF1 ZNRF1 POLR2K ZNF433 FKBP2 PGA5 SFXN5 PROC KATNA1 BCLAF1 TPSB2 SH3TC2 CREM NPIPA2 GPT GOLPH3 RPL36A RPTOR CSPP1 YJU2 C6orf52	GO:0036303	lymph vessel morphogenesis	1.6722884013258323e-69	22/22	PROX1,TIE1,VEGFA,CLEC14A,PTPN14,FOXC2,BMPR2,PPP3CB,LGALS8,ACVRL1,PKD1,VASH1,FOXC1,FGF2,SVEP1,SOX18,CCBE1,ACVR2B,EPHA2,VEGFC,FLT4,PDPN	GO:0036303	lymph vessel morphogenesis	8.805004960291695e-25	11/22	ACVR2B,VEGFA,EPHA2,VEGFC,ACVRL1,PTPN14,PKD1,FOXC2,FLT4,FOXC1,CCBE1	GO:0090164	asymmetric Golgi ribbon formation	0.3003023463433504	1/2	GOLPH3
GO:0048840	ATG5 ATG4B OC90 SLC44A4 BLOC1S5 NOX3 LRIG3 TTC39C OTOL1 LRIG1	10	otolith development	OTOL1 ATG5 SLC44A4 TTC39C NOX3 XCL2 GSTO2 HNRNPF IGFALS HVCN1	TSTD1 SCGN BORA MARVELD3 ERO1A STX5 TSPAN4 EDEM1 DNAJB5 DEFA1	GO:0048840	otolith development	9.258777518803575e-34	10/10	NOX3,BLOC1S5,OTOL1,LRIG3,ATG5,LRIG1,OC90,TTC39C,SLC44A4,ATG4B	GO:0048840	otolith development	3.063324817122651e-12	5/10	NOX3,OTOL1,ATG5,TTC39C,SLC44A4	GO:0035966	response to topologically incorrect protein	0.0197718244088194	3/157	ERO1A,EDEM1,DNAJB5
GO:0051754	BUB1 PPP2R1A BUB1B MEIKIN	4	meiotic sister chromatid cohesion, centromeric	BUB1 MEIKIN PTAR1 CCDC3	RAPGEF6 SLC30A8 NRN1L CCL19	GO:0051754	meiotic sister chromatid cohesion, centromeric	8.634294784637099e-14	4/4	PPP2R1A,BUB1,MEIKIN,BUB1B	GO:0051754	meiotic sister chromatid cohesion, centromeric	4.919069481277725e-05	2/4	MEIKIN,BUB1	GO:0006829	zinc ion transport	0.0729827719490051	1/29	SLC30A8
GO:0015816	SLC38A1 SLC36A3 SLC6A17 SLC7A8 SLC6A5 SLC25A38 SLC6A20 SLC38A5 RGS4 RGS2 SLC36A1 SLC7A10 SLC6A9 SLC36A2 SLC32A1	15	glycine transport	SLC38A5 RGS2 SLC6A9 SLC32A1 SLC36A2 SLC7A10 SLC38A1 DCDC1 JADE1 LRRC59 FMO5 IL20RA DECR2 DNER CNOT1	EFR3A DIO2 SLC15A1 FHL2 PMCH NFAM1 ZNF566 NUDT14 ENPP6 KRT8 FTMT FAM3B ADAM11 OR2B11 GTF3C1	GO:0015816	glycine transport	2.3783271313904048e-49	15/15	SLC6A20,SLC36A2,RGS4,SLC36A3,SLC6A5,SLC36A1,SLC6A17,SLC38A1,SLC25A38,SLC32A1,RGS2,SLC38A5,SLC6A9,SLC7A8,SLC7A10	GO:0015816	glycine transport	3.418927469745787e-16	7/15	SLC36A2,SLC32A1,SLC38A1,RGS2,SLC38A5,SLC6A9,SLC7A10	GO:0042791	5S class rRNA transcription by RNA polymerase III	0.1931393549232183	1/6	GTF3C1
GO:0006105	GAD2 ALDH5A1 SDHAF3 GAD1 SDHA SUCLG2 SUCLA2	7	succinate metabolic process	GAD2 SUCLG2 SDHA AK3 SLC22A18 CDC42BPB GABRP	AKAP12 LBR PPP3CB CHRNA10 SNAP23 ATP6V0D2 PCGF1	GO:0006105	succinate metabolic process	2.1927351187353983e-24	7/7	GAD1,SUCLA2,SDHAF3,SUCLG2,ALDH5A1,GAD2,SDHA	GO:0006105	succinate metabolic process	3.231536548516482e-07	3/7	SUCLG2,GAD2,SDHA	GO:0007268	chemical synaptic transmission	0.0251914165220155	4/739	PPP3CB,SNAP23,AKAP12,CHRNA10
GO:0060020	MAPK1 MAP2K1 PTPN11 SHH GPR37L1 GFAP MAPK3 PLPP3 TTC21B VIM ABL1	11	Bergmann glial cell differentiation	GPR37L1 MAPK1 SHH PTPN11 PLPP3 N6AMT1 GOLGA8J SLC25A22 ZNF318 SDSL TRIM77	HSD17B13 MFSD5 SPI1 DDX20 OR1M1 ATP1B3 CABYR HYAL2 MEI4 FOXP4 BMS1	GO:0060020	Bergmann glial cell differentiation	1.9663007928697237e-36	11/11	MAP2K1,PTPN11,GPR37L1,ABL1,GFAP,MAPK3,MAPK1,SHH,VIM,TTC21B,PLPP3	GO:0060020	Bergmann glial cell differentiation	2.3426839836129968e-11	5/11	PTPN11,GPR37L1,MAPK1,SHH,PLPP3	GO:1905036	positive regulation of antifungal innate immune response	0.1253601758842041	1/3	SPI1
GO:0006406	DDX39B THOC1 NXF1 THOC2 THOC6 THOC5 POLDIP3 NUP214 NXF3 HNRNPA2B1 NSUN2 ALYREF AKAP8L PABPN1 EIF4A3 SUPT6H NUP160 FMR1 SRSF3 NCBP1 NXT1 UPF1 CHTOP RBM8A DDX19B AGFG1 NUP107 DDX19A UPF2 NUP85 NCBP2 NUP88 NUP133 TPR MAGOH MCM3AP MAGOHB HHEX NXT2 NCBP3 DDX39A RAE1 THOC3 C12orf50 DDX25 CASC3 SARNP YTHDC1 SMG6 PCID2 WNK1 SMG5 NXF2 ZC3H11A NXF2B SMG7 NUP155 THOC7 ALKBH5 SMG1 XPO1 EIF4E RBM15B GLE1 NUP93 ENY2 FYTTD1 SETD2 IWS1	69	mRNA export from nucleus	NCBP3 MCM3AP NUP133 HHEX NUP93 CASC3 PCID2 NUP160 AGFG1 DDX19B DDX19A SMG7 NUP214 DDX39B NXF3 NUP85 ENY2 NUP107 NCBP2 THOC7 ALYREF C12orf50 DDX39A THOC2 NUP155 NUP88 THOC6 XPO1 CHTOP GLE1 AKAP8L UPF2 SMG5 SETD2 CCL4L1 RAB28 KCTD13 TAS2R4 PPEF1 LANCL3 AMY2A SLC2A12 LY86 HRH2 SIGLEC10 CDK2AP2 FAM83F CFAP91 SPACA3 COMMD3 PRR5 DOLPP1 H2BC4 TMEM132A CEP68 ALG6 C4BPA RPS6KL1 DGAT1 SERGEF HJURP TIPIN ADGRL2 PPFIBP2 SLC37A2 WEE1 STIL PTK2 DPM3	CYP2W1 RGS16 PEX12 MAP3K2 LZTS2 C1QA APOL5 PGPEP1 FXYD6 ARHGAP26 PEX5 TMEM176A PTTG1IP COX1 CFAP251 PDK4 ANKS1A GP2 SLC11A2 CRYBG3 IGSF3 PSMF1 OR2L2 PTN DBN1 SBK3 MEDAG AP2A1 ALG5 PLXNB1 JOSD2 ATIC RNF38 ARMC10 ATP9B OR10AG1 MS4A7 PLCB3 OLFML2A IGFBPL1 TOR1AIP2 DHDDS BMP3 ELSPBP1 CRYGA TMCC2 MFSD3 PLAC1 TMEM259 LRRD1 PDS5A SERF2 RBKS ACSS2 B3GALT4 NAP1L1 GAB2 MYL6B CHRM3 CFHR2 NDRG4 HTR1B SGO2 AVPR1A PXN AOPEP OR8B8 PYURF TJP3	GO:0006406	mRNA export from nucleus	3.146851834857053e-191	69/69	THOC3,ALYREF,HNRNPA2B1,SMG6,DDX25,NUP133,NCBP1,SUPT6H,NUP85,NSUN2,MAGOHB,DDX19A,DDX39A,NUP107,SMG7,AGFG1,RBM8A,FYTTD1,UPF2,C12orf50,CHTOP,NXF2B,PCID2,POLDIP3,UPF1,NUP214,WNK1,NXT2,ENY2,NXF1,EIF4A3,TPR,NXF2,SMG5,THOC1,FMR1,NCBP3,CASC3,THOC6,MAGOH,NXF3,SMG1,RBM15B,NUP88,SETD2,XPO1,SRSF3,THOC7,SARNP,NUP160,NUP93,DDX19B,ZC3H11A,YTHDC1,MCM3AP,NUP155,IWS1,NXT1,THOC2,THOC5,AKAP8L,NCBP2,HHEX,ALKBH5,GLE1,RAE1,EIF4E,PABPN1,DDX39B	GO:0006406	mRNA export from nucleus	1.7262627463238129e-63	34/69	ALYREF,NUP133,NUP85,DDX39A,DDX19A,NUP107,SMG7,AGFG1,UPF2,C12orf50,CHTOP,PCID2,NUP214,ENY2,SMG5,NCBP3,CASC3,THOC6,NXF3,NUP88,SETD2,XPO1,THOC7,NUP93,NUP160,DDX19B,MCM3AP,NUP155,NCBP2,THOC2,AKAP8L,HHEX,GLE1,DDX39B	GO:0044721	protein import into peroxisome matrix, substrate release	0.2469236167755559	2/5	PEX12,PEX5
GO:0048857	CDK5R2 CNP HOXB2 CASP5 YWHAQ BASP1 CALM2 ATP5PF CKB FOXP2 SEC16A POTEE LOC102724334 NKX2-1 SYNGR3 SUDS3 ALDH1A3 NDUFS3 CHRNB2 RHOA SIRT2 YWHAH S100A1 TTBK1 CCDC14 ZNF148 GNB4 KCNC1 NDRG2 G6PD HOXB1 ATF2 DYNLL1 MAPKAP1 RAD1 SCRIB FGF9 ASCL1 MECP2 CALM1 ATP5PB KIRREL3 CDC42 CALM3 BCL2 KCNE1 MAOB PHOX2A ZNF430 PHOX2B MBP HSPA5 INA SEC24B FGF2 ACTB SYPL2 GLUD1 LARGE1 COX6B1 NFIB ARX CDK5R1 PADI2 KCNC2 YWHAE PLP1	67	neural nucleus development	S100A1 NKX2-1 LOC102724334 SEC16A ARX CDC42 CALM1 RHOA HOXB1 CALM3 PADI2 FGF9 BASP1 SUDS3 COX6B1 CKB YWHAE KCNE1 SYNGR3 SCRIB KCNC1 DYNLL1 PLP1 YWHAH HSPA5 NDUFS3 G6PD MAPKAP1 BCL2 CHRNB2 ACTB FOXP2 ATP5PF SRD5A3 OR51L1 MAP3K1 DPEP2 APBB3 CHCHD4 FIZ1 LYPD8 YAE1 KRR1 MEDAG MGME1 CGB1 CDYL2 KCP ZNF343 ZKSCAN4 COX3 SAMD4B LAMB4 USP17L11 SOAT2 DCAF7 EPG5 NOC2L FFAR2 DEFB123 DDX54 LRRC63 NCF1 CYP2J2 HSH2D RALGAPA1 PLA1A	STX16 CDK15 BORCS7 GLIS1 SLC9C1 PSG8 NR1H2 DUSP14 B3GLCT APOL4 CHIT1 RAB4A NDUFB1 CLRN3 OR51B6 HSFY2 ALKBH2 YBEY C1QB TAF11 B4GALT7 OR2A4 SLC6A7 MAP4K5 RBM27 DCD FXYD3 RNF5 ENTPD5 SPRYD4 RLBP1 MLLT6 CLEC4M ABCF1 CCDC87 DEFB104B PIP4P2 AURKC ANKRD13C SLC27A6 MARCHF6 OR4C46 OR6A2 TBC1D22B OR2A25 ADGRE3 AKAP10 TNNI2 TRIM35 RFT1 YIPF3 SAP18 OCEL1 CKMT1A SLC25A13 SFR1 ZNF540 ZNF214 ZDHHC14 USP17L1 DUX5 ZNF646 EXOSC5 COLEC12 OR11G2 RER1 TOMM40L	GO:0048857	neural nucleus development	4.098683514890707e-186	67/67	HOXB1,YWHAQ,YWHAH,MAOB,YWHAE,ATP5PB,RAD1,SYPL2,SCRIB,NDRG2,KCNC2,GLUD1,HOXB2,CCDC14,ALDH1A3,BCL2,CALM2,G6PD,FOXP2,SUDS3,LOC102724334,KCNE1,MBP,SEC24B,MECP2,SYNGR3,BASP1,NKX2-1,TTBK1,COX6B1,ZNF148,CDK5R2,INA,ACTB,CDC42,POTEE,ASCL1,ARX,FGF9,PADI2,ATP5PF,CKB,CALM1,DYNLL1,ZNF430,PHOX2B,FGF2,SIRT2,CALM3,NFIB,ATF2,CDK5R1,PHOX2A,PLP1,CHRNB2,S100A1,RHOA,KCNC1,MAPKAP1,SEC16A,GNB4,NDUFS3,CNP,CASP5,KIRREL3,HSPA5,LARGE1	GO:0048857	neural nucleus development	9.807954035274044e-62	33/67	HOXB1,YWHAH,YWHAE,SCRIB,BCL2,G6PD,FOXP2,SUDS3,LOC102724334,KCNE1,SYNGR3,BASP1,NKX2-1,COX6B1,ACTB,CDC42,ARX,FGF9,PADI2,ATP5PF,CKB,CALM1,DYNLL1,CALM3,PLP1,CHRNB2,S100A1,RHOA,KCNC1,MAPKAP1,SEC16A,NDUFS3,HSPA5	GO:0006621	protein retention in ER lumen	0.4477482275510893	2/8	ANKRD13C,RER1
GO:1905806	EPHA4 PLXNC1 TREM2 ADGRB3 ITGB1 C1QL1	6	regulation of synapse pruning	TREM2 EPHA4 C1QL1 PARM1 ZKSCAN8 LIG3	KIFC2 DIRAS1 ATP2B2 ZNF268 AGAP2 PNN	GO:1905806	regulation of synapse pruning	3.660303497236752e-20	6/6	PLXNC1,TREM2,ADGRB3,EPHA4,ITGB1,C1QL1	GO:1905806	regulation of synapse pruning	4.89820209180124e-07	3/6	TREM2,EPHA4,C1QL1	GO:0099566	regulation of postsynaptic cytosolic calcium ion concentration	0.4243968945801949	1/10	ATP2B2
GO:0000296	SLC18B1 ATP13A2 TAF7	3	spermine transport	ATP13A2 PLXNC1 LSM1	SPACA5 CAMSAP3 KNL1	GO:0000296	spermine transport	4.0145182191550285e-10	3/3	SLC18B1,TAF7,ATP13A2	GO:0018197	peptidyl-aspartic acid modification	0.0446732251894724	1/4	ATP13A2	GO:0010256	endomembrane system organization	0.0128530048564464	3/594	CAMSAP3,KNL1,SPACA5
GO:0045069	NOTCH1 TNIP1 TRIM38 SETDB1 IFIT1 TASOR IFITM2 MX1 APOBEC3H MAVS CD28 TRIM28 IFIH1 CXCL8 ISG15 IFITM1 RAD23A PLSCR1 SLPI PABPC1 PPIE PDE12 BANF1 LTF PPIH RESF1 VAPB ADAR N4BP1 ISG20 OASL DDX5 TNF EIF2AK2 OAS1 ILF3 APOBEC3A_B TARBP2 IFNL3 NR5A2 INPP5K BST2 DDX3X TOP2B PPID APOBEC3G ZC3HAV1 PKN2 DDB1 HACD3 APOBEC3A IFI16 SRPK2 OAS3 MPHOSPH8 IFITM3 IFNB1 CCL5 BTBD17 TMEM39A GBP7 SHFL MORC2 ZNFX1 FKBP6 TOP2A RSAD2 CNOT7 APOBEC3B STAU1 IFIT5 SRPK1 ADARB1 TRIM6 APOBEC3F APOBEC3C RNASEL FAM111A HMGA2 PPIA BCL2 OAS2 LARP1 PROX1 AICDA	85	regulation of viral genome replication	BST2 SETDB1 SHFL AICDA ADAR PABPC1 RESF1 APOBEC3H CCL5 BANF1 TRIM38 APOBEC3A SRPK1 INPP5K IFIH1 TNIP1 PPID TRIM6 LARP1 APOBEC3C NR5A2 APOBEC3A_B MX1 MPHOSPH8 OAS2 SRPK2 IFITM2 LTF APOBEC3B FKBP6 PPIE APOBEC3F ADARB1 PKN2 TOP2B TOP2A DDX3X IFIT5 IFNL3 ISG15 PPIH RAD23A JHY FBXL15 PLA2G5 C5orf46 COPS8 GTF2B FAM98B CCNB2 GLRX3 CAPZA1 USP17L20 RPS2 GPR3 PSKH2 RXYLT1 MCCC2 CD300LG C12orf43 HEXIM1 SRSF4 CNGB3 ANAPC1 POMZP3 DDX46 PPP2R5D RFX3 RUBCN DAP3 ALKBH5 IGSF8 ALMS1 TAS2R3 ZNF497 CPZ TOPAZ1 MAGEA10 TUBB4B TAAR9 BCL2L1 TLR7 OR10K2 AZGP1 EXD2	PDIA6 STC2 NFASC MMP13 SPECC1 MAP3K13 FDXR POLR3D NAB1 MSRB2 MRPL3 PICALM NUP107 ZNF404 NAA25 RNF17 HECTD2 DDX10 PPEF1 NRTN CHCHD4 ATP5MF OR5AL1 NEK9 AGL GPR39 DNAH12 PIGZ ZNF280A AP5M1 RBM15B SNX10 UQCC3 GFI1 MATN1 RBM24 KCNK16 GATD1 CILP ESPN TEAD2 ND5 BGN SCG5 USP29 CYSRT1 TRIM69 OR11H7 TMED7-TICAM2 STEAP4 LDB1 KIF17 STK10 GOLGA6A PTHLH USP17L4 OR5A2 SOX12 AGFG1 MUC4 EPHB2 DNAI3 CAPRIN2 RGL1 SMCHD1 SNRPB2 ITGA7 SPACA4 DYNC2H1 NGF SLC15A1 ZFP1 IL16 CEACAM16 NME4 ACTBL2 HOXB8 TTR KLHL21 STMP1 RUFY3 DNASE1 CNKSR2 NDUFB10 C4B	GO:0045069	regulation of viral genome replication	2.489678588469533e-228	85/85	APOBEC3B,TNIP1,ISG15,OASL,DDX5,MAVS,RSAD2,PABPC1,IFIT5,TRIM38,IFNB1,HMGA2,IFI16,IFITM3,TASOR,PPIE,HACD3,PKN2,APOBEC3C,OAS3,MX1,PROX1,LARP1,DDX3X,IFITM1,ZNFX1,CCL5,BCL2,ZC3HAV1,ISG20,RNASEL,NR5A2,MPHOSPH8,IFIT1,SRPK2,AICDA,GBP7,LTF,ILF3,APOBEC3F,SHFL,STAU1,TOP2A,RESF1,MORC2,TMEM39A,TNF,CNOT7,BTBD17,TRIM28,PPIA,PPIH,APOBEC3A_B,ADARB1,APOBEC3G,N4BP1,CXCL8,FAM111A,ADAR,BST2,VAPB,PDE12,PLSCR1,OAS2,TOP2B,TARBP2,IFIH1,EIF2AK2,RAD23A,NOTCH1,PPID,TRIM6,FKBP6,SETDB1,SRPK1,DDB1,SLPI,OAS1,IFITM2,INPP5K,APOBEC3A,IFNL3,CD28,BANF1,APOBEC3H	GO:0045069	regulation of viral genome replication	5.731216087414082e-75	42/85	TOP2B,TOP2A,LARP1,RESF1,APOBEC3B,DDX3X,TNIP1,IFIH1,ISG15,CCL5,RAD23A,PABPC1,PPID,TRIM6,IFIT5,PPIH,APOBEC3A_B,ADARB1,TRIM38,FKBP6,SETDB1,SRPK1,NR5A2,MPHOSPH8,IFITM2,SRPK2,AICDA,ADAR,PPIE,INPP5K,BST2,APOBEC3A,LTF,IFNL3,PKN2,APOBEC3F,BANF1,SHFL,APOBEC3C,APOBEC3H,MX1,OAS2	GO:0009206	purine ribonucleoside triphosphate biosynthetic process	0.1243911552882535	5/110	UQCC3,ATP5MF,NDUFB10,NME4,ND5
GO:0097026	CCL19 CCR7 CCL21	3	dendritic cell dendrite assembly	CCR7 OXTR OR10X1	KYAT1 OR2T8 ADAR	GO:0097026	regulation of dendritic cell dendrite assembly	3.4974969333547603e-10	3/3	CCL19,CCL21,CCR7	GO:0070371	ERK1 and ERK2 cascade	0.0289008982469948	2/324	CCR7,OXTR	GO:1903944	negative regulation of hepatocyte apoptotic process	0.053988679975439	1/7	ADAR
GO:0036257	VPS37A CHMP6 CHMP3 STAM2 CHMP4A HGS CHMP7 CHMP1B VPS37B RAB27A VPS37C RNF103-CHMP3 VPS4B SNF8 VPS37D VPS25 CHMP4C VPS4A IST1 CHMP1A VPS36 VPS28 MVB12A PDCD6IP CHMP2B RAB11A CHMP2A VTA1 UBAP1 STAM CHMP4B CHMP5 TSG101	33	multivesicular body organization	STAM VPS37A VPS36 TSG101 CHMP1A MVB12A CHMP4C CHMP2B RAB11A CHMP3 VPS28 HGS VPS25 CHMP7 RNF103-CHMP3 VPS37B ZNF445 RLN2 SFXN3 MTMR4 SMG1 LOXL3 RAB38 SRP54 CAPN11 AURKAIP1 PSMA6 ZNF398 SERPINB1 RPS6KB1 MTR AGR2 KCNQ1	DUSP12 MAP1B KIDINS220 MXD3 PLAUR SDR42E1 ANKRD13C CUL5 TMEM25 ACRBP HABP4 SMC6 MYO18A NME4 PCDHGA4 TNP1 PRPF38A DNAJC7 CD1B ANGEL2 ARMC8 GPR139 HSFX3 OR2G3 ST7 ACADL PLXNA3 MEF2C RELCH DAG1 POU3F1 PHF24 RAB1A	GO:0036257	multivesicular body organization	1.6555909500749058e-100	33/33	MVB12A,STAM,VPS37B,IST1,CHMP2B,TSG101,VPS28,CHMP1B,CHMP4A,VPS25,VPS4A,CHMP4B,CHMP1A,CHMP6,VTA1,SNF8,CHMP3,VPS36,VPS37C,RAB11A,VPS37A,VPS37D,CHMP5,VPS4B,CHMP2A,STAM2,HGS,PDCD6IP,RAB27A,CHMP7,UBAP1,CHMP4C,RNF103-CHMP3	GO:0036258	multivesicular body assembly	3.806679490499105e-34	16/32	MVB12A,VPS37A,STAM,VPS37B,CHMP2B,CHMP7,VPS36,CHMP3,CHMP4C,TSG101,VPS28,CHMP1A,HGS,RNF103-CHMP3,VPS25,RAB11A	GO:2001016	positive regulation of skeletal muscle cell differentiation	0.264592124453714	1/6	MEF2C
GO:0007039	DPP7 LRP1 GBA1 CPA2 TMEM106B TMEM199 TCIRG1 VPS13A VPS35 LDLR MGAT3 MARCHF2 CCDC115 ATP13A2 CD81 MFSD8 RNF128 LAPTM4B SLC17A9 LRP2 USP8 TPP1 LAMP2 CLN3	24	protein catabolic process in the vacuole	LDLR CLN3 DPP7 LRP1 MGAT3 TPP1 MARCHF2 GBA1 USP8 CD81 VPS13A LRP2 TCTA ZNF268 TNNT3 KCNE3 ELP2 SFN TRUB2 ZNF736 CNOT6L BRINP3 EFHC2 RABGAP1L	SLC35A3 STMN2 GPR179 ZHX2 SALL2 CENPA ACADSB SYNGR2 UQCRQ ZFP36 DNAJC25 MSTO1 INHBE ARID5A OCEL1 ACAD9 MICU2 CTF1 GUCY2D ZNF683 PRKCA LEMD2 L2HGDH USP22	GO:0007039	protein catabolic process in the vacuole	2.7299561843734284e-75	24/24	SLC17A9,LAPTM4B,CLN3,VPS13A,ATP13A2,LRP1,LDLR,CPA2,TPP1,VPS35,LRP2,DPP7,TMEM106B,TMEM199,USP8,CCDC115,RNF128,TCIRG1,MGAT3,CD81,LAMP2,MFSD8,GBA1,MARCHF2	GO:0007039	protein catabolic process in the vacuole	8.778940488627917e-27	12/24	LRP1,MGAT3,USP8,LDLR,CLN3,TPP1,CD81,VPS13A,LRP2,GBA1,DPP7,MARCHF2	GO:1904582	positive regulation of intracellular mRNA localization	0.2180853457208429	1/3	ZFP36
GO:1900047	ANXA2 SERPING1 TFPI THBS1 PROS1 SERPINE1 FGA VTN FAP KNG1 SERPINB2 APOE PRKCD ADAMTS18 PLAU COMP USF1 PDGFRA PROC PLAT ADTRP FGB PLAUR EDN1 SERPINE2 APOH PDGFB TSPAN8 GP1BA F2 SH2B3 NOS3 ALOX12 F12 CD9 SERPINF2 KLKB1 CPB2 UBASH3B F11 PRKG1 THBD CEACAM1 C1QTNF1 FGG PDGFA KRT1 PLG HRG TMX1	50	negative regulation of hemostasis	F11 PRKCD TFPI APOH SERPINE1 C1QTNF1 ADTRP USF1 PDGFA FGA PLG FGB ALOX12 SERPINF2 PRKG1 CEACAM1 F2 PLAU PDGFB EDN1 KRT1 PDGFRA GP1BA UBASH3B CD9 OR5I1 ZMYM3 RBM11 CHAT RAD23A FLRT2 RBM26 CCT4 ATP2B2 HADHB PSAP PPIAL4E PCDHA11 MPP4 TMEM63A POU5F1B AP2A2 GNG3 USP48 RGL1 PSMB1 RAB39B EIF3M MBD5 NVL	SUOX METRN KSR1 SAMD8 RPAIN GSTO2 SDF2 IPMK AKAP5 EPB42 OR12D2 LUZP1 REEP3 LAMB3 RTCB SYNE2 OTX2 ITGB4 GOLM1 H2AC7 TRMO PRKACG TAS2R14 RTF2 PTPRCAP STAB2 ALG10B GGTLC1 ZNF567 CLCN7 PSMC2 SNAPC2 TMEM97 CHTF18 IMMP1L OR1L6 SGMS1 ARHGEF26 CENPN OR51B5 LRRC4 RAD21L1 EXOC3L4 CPLX4 DPH2 XPR1 EPHA5 SOHLH1 MFSD4A SLC35D2	GO:1900047	negative regulation of hemostasis	2.367776591979152e-144	50/50	KNG1,PLAU,FGA,APOE,PLG,ADTRP,PLAT,VTN,PLAUR,FGB,FAP,GP1BA,ANXA2,NOS3,KRT1,HRG,TMX1,SERPINE2,KLKB1,SERPING1,THBD,PDGFB,ADAMTS18,SERPINF2,FGG,PROC,F11,ALOX12,PRKCD,C1QTNF1,TSPAN8,SERPINB2,USF1,EDN1,F12,PDGFA,SH2B3,CPB2,F2,PROS1,APOH,COMP,THBS1,PDGFRA,TFPI,SERPINE1,UBASH3B,CEACAM1,PRKG1,CD9	GO:1900047	negative regulation of hemostasis	4.322083753680067e-50	25/50	PLAU,FGA,PLG,ADTRP,FGB,GP1BA,KRT1,SERPINF2,PDGFB,F11,ALOX12,PRKCD,C1QTNF1,USF1,EDN1,PDGFA,F2,APOH,PDGFRA,TFPI,SERPINE1,UBASH3B,CEACAM1,PRKG1,CD9	GO:0006686	sphingomyelin biosynthetic process	0.4361951288180224	2/11	SAMD8,SGMS1
GO:2000347	WNT3A TNFAIP3 CFLAR MED1 XBP1 HPN TNF FGF1 PTN MDK	10	positive regulation of hepatocyte proliferation	XBP1 TNF PTN FGF1 TNFAIP3 MRPL36 FOXK2 NGF ASPN ZNF551	ATP6V1G1 ZNF821 OR8J3 COX16 NCF4 ATP6V0A2 H1-4 NOMO3 SEMA6D CREB3L2	GO:2000347	positive regulation of hepatocyte proliferation	3.721316348903744e-33	10/10	HPN,TNF,MDK,XBP1,FGF1,TNFAIP3,MED1,WNT3A,CFLAR,PTN	GO:2000347	positive regulation of hepatocyte proliferation	8.758445216260241e-12	5/10	XBP1,FGF1,TNFAIP3,TNF,PTN	GO:0036295	cellular response to increased oxygen levels	0.0070501409581478	2/12	ATP6V1G1,ATP6V0A2
GO:0140009	SLC1A1 SLC1A2 SLC1A6 SLC1A3 SLC1A4 SLC1A5	6	L-aspartate import across plasma membrane	SLC1A5 SLC1A6 SLC1A3 SLC25A26 ITGA6 MUTYH	SPATA31D4 ERCC6 DUX4 RHBDD2 RAP1GAP2 C15orf62	GO:0140009	L-aspartate import across plasma membrane	1.2408310399208727e-20	6/6	SLC1A4,SLC1A1,SLC1A3,SLC1A5,SLC1A2,SLC1A6	GO:0140009	L-aspartate import across plasma membrane	1.755959240457048e-07	3/6	SLC1A5,SLC1A3,SLC1A6	GO:0035065	regulation of histone acetylation	0.1122841655224794	1/17	ERCC6
GO:1903651	EIPR1 PRKN MECP2 TRIM46 MAP2	5	positive regulation of cytoplasmic transport	TRIM46 PRKN OR13J1 CATSPER3 PRR19	MRPS16 NDUFAF6 KARS1 CD300C SLC35F4	GO:1903651	positive regulation of cytoplasmic transport	8.281953922215668e-17	5/5	EIPR1,TRIM46,MECP2,PRKN,MAP2	GO:1903651	positive regulation of cytoplasmic transport	0.0005078179171877	2/5	TRIM46,PRKN	GO:0045575	basophil activation	0.0466905477245729	1/3	KARS1
GO:0097350	HMGB1 XKR8 MERTK ANXA1 CCR2 AXL	6	neutrophil clearance	AXL HMGB1 CCR2 ZNF160 GSDME EXD3	CFAP46 CDON SAMD7 PCDHA10 DOK1 EDRF1	GO:0097350	neutrophil clearance	2.7748417288922624e-20	6/6	MERTK,XKR8,CCR2,AXL,HMGB1,ANXA1	GO:0097350	neutrophil clearance	4.192899903806026e-07	3/6	CCR2,HMGB1,AXL	GO:0038145	macrophage colony-stimulating factor signaling pathway	0.2213800283996221	1/7	DOK1
GO:0045959	CR1 SUSD4 C4BPB SVEP1 CR2 CD46 C4BPA CR1L	8	negative regulation of complement activation, classical pathway	SUSD4 SVEP1 CR2 CD46 PPFIA1 APH1B GLRA1 DNAAF11	UST SLC2A6 H1-6 OR6S1 RNFT2 EEA1 MASTL RGS2	GO:0045959	negative regulation of complement activation, classical pathway	2.2737184405212176e-27	8/8	CR2,C4BPA,CD46,C4BPB,SUSD4,CR1,SVEP1,CR1L	GO:0030450	regulation of complement activation, classical pathway	6.134499228807007e-10	4/9	CR2,CD46,SVEP1,SUSD4	GO:0015755	fructose transmembrane transport	0.132948430616953	1/10	SLC2A6
GO:0002667	CLC FOXP3 PHLPP1 CD3E CBLB ITCH LILRB4 HLA-B	8	regulation of T cell anergy	PHLPP1 CBLB CD3E CLC SRSF11 EEF1A1 HOXC5 NDUFC2-KCTD14	DSG2 PSMC3IP CD93 PCDHA13 GNAQ CKMT1A LYSET TIMM50	GO:0002667	T cell anergy	2.296627442440827e-27	8/8	LILRB4,CBLB,PHLPP1,FOXP3,HLA-B,CLC,CD3E,ITCH	GO:0002667	regulation of T cell anergy	3.261709255393105e-10	4/8	CLC,CBLB,CD3E,PHLPP1	GO:0006599	phosphagen metabolic process	0.1252182802036492	1/5	CKMT1A
GO:0072488	RHBG RHAG SLC12A7 SLC12A4 RHCE SLC12A6 AQP1 SLC12A2 RHCG RHD AQP8 SLC12A5	12	ammonium transmembrane transport	RHCE RHD SLC12A7 AQP8 RHBG SLC12A5 LRRN3 CDA COPS7A CXCL1 CGGBP1 PGLYRP3	SHISA8 MCAM SFTPB DBX2 LEFTY2 TMEM87B CHST8 LIF ZNF184 KCTD21 ME1 SERPINB3	GO:0072488	ammonium transmembrane transport	4.458207769934041e-40	12/12	RHD,SLC12A7,RHCG,SLC12A4,AQP8,RHBG,SLC12A2,SLC12A6,AQP1,RHCE,SLC12A5,RHAG	GO:0072488	ammonium transmembrane transport	1.2088999574136375e-14	6/12	RHD,SLC12A7,RHBG,RHCE,SLC12A5,AQP8	GO:0072108	positive regulation of mesenchymal to epithelial transition involved in metanephros morphogenesis	0.2071257803073799	1/4	LIF
GO:1902966	RDX ROCK2 DTX3L EZR EGF MSN MGAT3 NF2 SORL1	9	positive regulation of protein localization to early endosome	DTX3L RDX MSN EZR MRPS11 ZNF106 UTF1 DHCR24 UPF3A	PLXNA3 PTH2R OR2S2 TRIM17 MTHFR RFTN2 BHMT2 CASKIN1 REEP1	GO:1902966	positive regulation of protein localization to early endosome	3.4171640829837364e-30	9/9	EZR,MGAT3,RDX,EGF,NF2,MSN,SORL1,DTX3L,ROCK2	GO:1902966	positive regulation of protein localization to early endosome	3.0602318280569664e-09	4/9	EZR,MSN,RDX,DTX3L	GO:0006555	methionine metabolic process	0.0028437734577701	2/16	BHMT2,MTHFR
GO:0035754	PTK2B CXCL13 XCL1 PIK3CD HSD3B7 CH25H CYP7B1 GAS6	8	B cell chemotaxis	CXCL13 CYP7B1 XCL1 GAS6 MARCO HIBADH TRIM31 GAL3ST1	LIX1L TSPY3 HRG FAM9A SEPTIN10 TRIB2 OR52E2 LMNB1	GO:0035754	B cell chemotaxis	6.81542807108375e-27	8/8	PIK3CD,PTK2B,GAS6,XCL1,HSD3B7,CXCL13,CYP7B1,CH25H	GO:0035754	B cell chemotaxis	1.3144828286755904e-09	4/8	GAS6,CYP7B1,XCL1,CXCL13	GO:0051664	nuclear pore localization	0.1812046453285914	1/5	LMNB1
GO:0070294	SGK1 CLCNKB OXSR1 UMOD KCNQ1 EDNRA SLC12A3 EDN1 KLHL3 MAGED2 WNK4 EDNRB STK39	13	renal sodium ion absorption	EDNRA OXSR1 CLCNKB MAGED2 KLHL3 EDN1 MAB21L1 CSK UBE3B CD200 RTP3 NF2 AVEN	GINS4 TAP1 TOM1 SPAAR RIGI BMP2K GCG MST1R DUSP4 SERPINA6 TRUB2 SERPINA9 TMBIM6	GO:0070294	renal sodium ion absorption	8.086226153987868e-43	13/13	SGK1,OXSR1,EDN1,MAGED2,SLC12A3,WNK4,EDNRB,KLHL3,CLCNKB,UMOD,STK39,EDNRA,KCNQ1	GO:0070294	renal sodium ion absorption	1.0977926689204735e-13	6/13	EDN1,OXSR1,MAGED2,KLHL3,CLCNKB,EDNRA	GO:1901096	regulation of autophagosome maturation	0.1363848595628969	1/17	TOM1
GO:1905668	ABHD17C ABHD17A RDX ROCK2 EZR DTX3L EGF MSN ABHD17B MGAT3 NF2 SORL1	12	positive regulation of protein localization to endosome	DTX3L ABHD17A ABHD17C EGF RDX EZR NECAP1 PSMD14 VTI1B IQCH FTH1 CD101	LETM1 RUFY1 IL1RAPL1 SETX POLR2L EPX ZCCHC3 GSX1 GADD45GIP1 RCN3 DNAI4 EPHA1	GO:1905668	positive regulation of protein localization to endosome	9.338686585472034e-40	12/12	EZR,ABHD17C,MGAT3,ABHD17B,RDX,ABHD17A,EGF,NF2,MSN,SORL1,DTX3L,ROCK2	GO:1905668	positive regulation of protein localization to endosome	1.8695700816198523e-14	6/12	EZR,RDX,ABHD17A,EGF,DTX3L,ABHD17C	GO:0140141	mitochondrial potassium ion transmembrane transport	0.2225416040477867	1/4	LETM1
GO:1902083	NCOA7 ATP2B4 SNTA1 OXR1 DMD TBC1D24	6	negative regulation of peptidyl-cysteine S-nitrosylation	DMD OXR1 NCOA7 KPNA5 HNRNPH2 ANKRD40	SP140L ZFP92 PVALB ACYP2 FBLN7 KCNJ6	GO:1902083	negative regulation of peptidyl-cysteine S-nitrosylation	1.9071484241265925e-20	6/6	DMD,SNTA1,TBC1D24,NCOA7,ATP2B4,OXR1	GO:1902083	negative regulation of peptidyl-cysteine S-nitrosylation	1.488430824320933e-07	3/6	DMD,OXR1,NCOA7	GO:0098977	inhibitory chemical synaptic transmission	0.0835095070182682	1/3	PVALB
GO:0001711	RTF1 CDC73 SOX2 PAF1 LEO1 SOX17 CTR9 CTNNB1 EOMES MESP1 DKK1 GATA6 NANOG HNF1B POU5F1	15	endodermal cell fate commitment	CTNNB1 SOX17 CTR9 PAF1 CDC73 SOX2 MESP1 NCF4 KLK2 CLEC12B ZNF513 ZNF512B GC CABS1 UBAP2L	IKZF4 ZNG1A MMP28 CBR3 EIF3J OR4K15 DMXL2 XRCC5 P3H2 NIPAL2 CCNYL1 GNMT OR7D2 MACF1 DDA1	GO:0001711	endodermal cell fate commitment	6.125994126308619e-49	15/15	NANOG,CTR9,CDC73,LEO1,RTF1,MESP1,CTNNB1,PAF1,EOMES,GATA6,HNF1B,POU5F1,DKK1,SOX17,SOX2	GO:0001711	endodermal cell fate commitment	5.676425166680872e-16	7/15	CTR9,CDC73,MESP1,CTNNB1,PAF1,SOX17,SOX2	GO:1904430	negative regulation of t-circle formation	0.260484632426004	1/3	XRCC5
GO:0140367	DEFB136 UMOD MPEG1 TFEB MARCHF2	5	antibacterial innate immune response	UMOD MPEG1 TMEM127 CDCA3 BICC1	NRXN1 CPA1 ADCY2 ZZZ3 TPX2	GO:0140367	antibacterial innate immune response	2.931442108370454e-17	5/5	MPEG1,TFEB,DEFB136,UMOD,MARCHF2	GO:0140367	antibacterial innate immune response	0.0002035411488728	2/5	MPEG1,UMOD	GO:0007638	mechanosensory behavior	0.1073501425508657	1/13	NRXN1
GO:0016079	SYT10 RIMS1 DOC2A RAP1A SYNJ1 VPS18 PPFIA3 OTOF RAP1B SYP RIMS3 NAPB RPH3A UNC13B SYT2 SCRIB PRRT2 CDK5 CPLX2 SNAP29 SYT1 DTNBP1 BRAF SV2A CADPS2 DOC2B PREPL SNPH CPLX3 GRIK5 WNT7A FMR1 STX11 SYN1 RAB3A VAMP2 UNC13C DVL1 SYT8 STX1B STX1A RAB3GAP1 SYT5 CASK CSPG5 SV2C DNAJC5 STXBP1 FBXL20 CADPS SYT7 CTBP2 SYT12 CACNB4 SYT11 P2RY4 TPRG1L PPFIA2 LRRK2 UNC13A NAPA SEPTIN5 CPLX4 RIMS2 PSEN1 CPLX1 RIMS4 SLC4A8 SYT4 ATP2A2 SYT9 SNAPIN PFN2 PCLO STX19 STXBP5 PIP5K1C PRKCG STX3 GIT1 HTR1B ERC2 P2RX7 FBXO45 NLGN1 RAB5A BLOC1S6 SNCA SNAP25 SNAP23 P2RX1 SV2B SNAP47 P2RY1 STX2 PRKCB	96	synaptic vesicle exocytosis	PPFIA2 STX19 DOC2B RIMS3 FBXO45 BRAF SLC4A8 SV2B SV2C ATP2A2 RIMS1 SYNJ1 SNAP23 RPH3A SNAP29 SYT12 RAP1B SYT11 UNC13C CADPS2 UNC13A SNAPIN SYT10 CPLX4 FMR1 OTOF SYT8 SNAP47 SYT2 BLOC1S6 CASK VAMP2 CSPG5 VPS18 PRKCB LRRK2 P2RY1 CPLX1 STX3 RIMS2 WNT7A STXBP1 PCLO RIMS4 SYT1 STX1B SV2A RAB3A ACOX3 SAMD10 FOXJ1 CRISPLD2 MSMB TMEM88B PPIG INTS5 SLC25A40 USB1 VCPKMT GSTA3 TMEM214 ING5 MYOT TAS2R31 BEX3 MRPL32 CMTM8 PDCD7 CADM4 ALPK3 RBIS CRYBA4 CD160 TXNRD3 RBMXL3 IL18BP APOBEC2 CDK18 KLHL1 FIRRM PUM2 NHSL3 FCN3 CD180 PITPNM1 MRPS18B ABCC1 PRSS37 CADM3 CCN6 TAFA5 NDUFAF1 REV3L KCNQ2 PPP2R5A CLCA4	ZNF646 PDHX FEZF2 DCAF6 SOS2 FBXW2 TRIP10 PDF BTBD2 LRGUK BMP7 DNAJC10 FNIP2 NDUFA8 MED22 MBP GFOD2 CMIP OR1J2 GRXCR2 SLC41A3 TGIF2LX SCRT2 CHEK2 FAS ISL1 ZNF44 DYNLRB1 TNRC6A ABR ASTL FAM50B ACP2 ACADL CETN2 MCM9 HSPBP1 MOSPD3 THAP9 RAPGEF2 CRBN F11 MRPL52 TMEM131 SEC14L1 ZNF45 STMN3 KCNA4 TCP11L2 DDA1 GNA15 ZIM2 TAFA3 PYROXD1 CENPX EEF2K OAS1 TKT ULK2 JCAD KCNA6 GYS2 PYGB OSMR KLHDC1 SPTLC2 DNAJA4 TRIL PRKAB2 KERA ANK2 LILRB1 AGPAT4 UBTF GPBP1L1 ZNF449 HSP90AB1 DNAJB8 FAM209B TMC6 KDM4A BUB1 GATM TYW1 CCS SP140 ZFP1 C1GALT1C1L SSC5D HACL1 FGF17 UBE2L6 CNR1 PRM2 PLSCR5 C15orf48	GO:0016079	synaptic vesicle exocytosis	2.3190229828637842e-253	96/96	SNAP23,ATP2A2,GRIK5,ERC2,SYT10,CPLX3,CPLX1,SV2A,SNAP25,STX11,NAPB,PFN2,TPRG1L,SYT8,RPH3A,HTR1B,SYN1,PIP5K1C,RIMS4,STX1B,SV2C,P2RX7,FBXL20,VPS18,SYT11,SYT4,CADPS,CDK5,P2RY4,SCRIB,SNCA,SYT5,FBXO45,FMR1,PREPL,WNT7A,SYNJ1,CSPG5,RAB3A,DVL1,SLC4A8,STX19,SYT2,OTOF,NLGN1,CACNB4,STXBP5,SYT7,SYT1,CPLX2,SEPTIN5,STXBP1,VAMP2,CADPS2,CPLX4,SNPH,PRKCG,RIMS1,BLOC1S6,PSEN1,PCLO,SYT9,STX1A,DOC2A,RAB5A,RAP1A,DTNBP1,SYP,DOC2B,UNC13A,P2RY1,SNAP29,SNAP47,DNAJC5,P2RX1,PRRT2,UNC13C,BRAF,RIMS3,CTBP2,STX3,GIT1,RAB3GAP1,RIMS2,RAP1B,LRRK2,CASK,PPFIA3,SYT12,NAPA,STX2,SV2B,PRKCB,PPFIA2,UNC13B,SNAPIN	GO:0016079	synaptic vesicle exocytosis	8.985374409313443e-84	48/96	SNAP23,SYT2,DOC2B,OTOF,UNC13A,P2RY1,ATP2A2,SNAP29,SYT10,SNAP47,SYT1,UNC13C,CPLX1,STXBP1,VAMP2,BRAF,CADPS2,RIMS3,SV2A,STX3,FBXO45,CPLX4,RIMS2,RAP1B,LRRK2,FMR1,RIMS1,CASK,BLOC1S6,WNT7A,SYT8,SYNJ1,SYT12,CSPG5,RPH3A,PCLO,RIMS4,SV2B,STX1B,RAB3A,SV2C,PRKCB,PPFIA2,VPS18,SLC4A8,SYT11,STX19,SNAPIN	GO:0034440	lipid oxidation	0.4316069242476056	3/113	ACADL,CNR1,HACL1
GO:0048294	NDFIP1 BCL6 FOXP3	3	negative regulation of isotype switching to IgE isotypes	FOXP3 RBMY1E SERPINA9	MINAR1 SREK1 TLN1	GO:0048294	negative regulation of isotype switching to IgE isotypes	8.016871231585343e-10	3/3	NDFIP1,FOXP3,BCL6	GO:2000320	negative regulation of T-helper 17 cell differentiation	0.0272364282639736	1/10	FOXP3	GO:0150116	regulation of cell-substrate junction organization	0.1821746233902364	1/68	TLN1
GO:0021855	FOXB1 NDNF NRP1 NRP2 SEMA3E PLXNA1 PLXNA3	7	hypothalamus cell migration	PLXNA1 NRP1 FOXB1 OST4 XKR4 TFDP2 PPP2R3B	NYAP2 ANAPC5 PLA2G4F BCO2 PRRT2 LCN1 DPY19L4	GO:0021855	hypothalamus cell migration	7.845118980364425e-24	7/7	SEMA3E,PLXNA3,PLXNA1,NDNF,NRP1,NRP2,FOXB1	GO:0021855	hypothalamus cell migration	9.560582784090238e-07	3/7	NRP1,PLXNA1,FOXB1	GO:1901825	zeaxanthin metabolic process	0.0516178227108263	1/2	BCO2
GO:0033860	RFK INS SLAMF8 PARK7 AGTR1 DRD5 AGT	7	regulation of NAD(P)H oxidase activity	AGT RFK PARK7 GAPDHS PCDHB9 WLS CNTN2	CNOT7 EXOC3L1 KCTD2 MARCHF3 ALOXE3 CELA1 ITPRIP	GO:0033860	regulation of NAD(P)H oxidase activity	1.5799874716665625e-23	7/7	INS,RFK,SLAMF8,AGT,PARK7,DRD5,AGTR1	GO:0033864	positive regulation of NAD(P)H oxidase activity	1.7862673508498265e-07	3/4	RFK,AGT,PARK7	GO:0051122	hepoxilin biosynthetic process	0.175924318338999	1/9	ALOXE3
GO:0014744	PPP3CA MYMK FOXO3 MYOG TRPC3	5	positive regulation of muscle adaptation	PPP3CA MYMK SLC2A3 RLN1 CDYL2	RNF17 CBLN4 EDIL3 HNF1A ARHGAP25	GO:0014744	positive regulation of muscle adaptation	6.442453000344236e-17	5/5	PPP3CA,TRPC3,MYMK,MYOG,FOXO3	GO:0014744	positive regulation of muscle adaptation	0.0003684439779596	2/5	MYMK,PPP3CA	GO:0035565	regulation of pronephros size	0.0798637535510779	1/2	HNF1A
GO:0000338	COPS5 COPS7B COPS7A TOR1A COPS2 COPS6 GPS1 COPS8 COPS4 SENP8 COPS3	11	protein deneddylation	COPS5 COPS7B COPS2 GPS1 COPS3 ERC2 GPR89B KBTBD2 C6orf52 HSPE1 SYNC	SGCG CYB5D1 SLBP PPP2R5E TNR SLAIN2 RER1 SLC16A3 CCL14 D2HGDH SMIM24	GO:0000338	protein deneddylation	3.948718805353133e-37	11/11	COPS3,COPS6,SENP8,GPS1,TOR1A,COPS5,COPS8,COPS4,COPS7A,COPS2,COPS7B	GO:0000338	protein deneddylation	6.4965186100192335e-12	5/11	COPS3,GPS1,COPS5,COPS2,COPS7B	GO:0097402	neuroblast migration	0.159187634950096	1/7	TNR
GO:0060696	APOC1 LDLR APOC2 ENPP7 SCARB1 IDH1 PRKCD	7	regulation of phospholipid catabolic process	LDLR APOC2 PRKCD TM6SF1 LGALS8 TREX2 QRICH1	PARG PRPF38B INTS3 DENND4B RCOR3 TOPORS SLC17A9	GO:0060696	regulation of phospholipid catabolic process	1.0659129049408186e-23	7/7	APOC1,LDLR,PRKCD,ENPP7,SCARB1,IDH1,APOC2	GO:0060696	regulation of phospholipid catabolic process	1.1570985705978371e-06	3/7	PRKCD,LDLR,APOC2	GO:0015866	ADP transport	0.1594450421880694	1/12	SLC17A9
GO:0019885	TAP1 RAET1L RAET1E HLA-C TAP2 B2M TAPBP IDE MICB ERAP1 HLA-E ERAP2 MICA ULBP2 HLA-A HLA-B HLA-G ULBP1 HFE ULBP3 HLA-F RAET1G	22	antigen processing and presentation of endogenous peptide antigen via MHC class I	RAET1G ERAP2 HLA-A ULBP2 B2M HFE TAP2 ULBP3 RAET1E ULBP1 TAP1 MCAT PDE1B RNF25 KCNJ2 NAMPT CHODL SGSH COL9A1 AQP6 PTPRG EPCAM	CNTN1 ANXA8L1 PLA2G2D GCNT1 MSRB1 ZNF729 RCN1 FNIP1 AGR2 DPH6 H3C11 ATP2A3 TTI2 FSD1L MRPS21 PFN2 CNOT4 PEAK1 GLYATL3 GBX2 TRMT61A MVB12A	GO:0019885	antigen processing and presentation of endogenous peptide antigen via MHC class I	7.222101372842979e-70	22/22	TAP1,ERAP2,HLA-F,ERAP1,ULBP3,RAET1G,IDE,MICB,ULBP1,B2M,RAET1L,HLA-A,HLA-G,MICA,HFE,HLA-C,TAP2,ULBP2,RAET1E,HLA-B,TAPBP,HLA-E	GO:0019885	antigen processing and presentation of endogenous peptide antigen via MHC class I	4.843606477833376e-25	11/22	TAP1,RAET1G,ERAP2,HFE,TAP2,ULBP2,RAET1E,ULBP1,B2M,ULBP3,HLA-A	GO:0021903	rostrocaudal neural tube patterning	0.234376669689555	1/12	GBX2
GO:0003166	ID2 TBX5 NKX2-5 HOPX IRX3 TBX3	6	bundle of His development	NKX2-5 TBX5 TBX3 ALCAM TRIM14 GCSH	THOC1 CSRNP1 SMYD2 LRRC38 PON3 TAMALIN	GO:0003166	bundle of His development	2.0759488281253742e-20	6/6	TBX3,TBX5,NKX2-5,ID2,IRX3,HOPX	GO:0060932	His-Purkinje system cell differentiation	6.013683106227647e-08	3/4	NKX2-5,TBX3,TBX5	GO:0046784	viral mRNA export from host cell nucleus	0.095542507244282	1/8	THOC1
GO:0043377	SLC4A2 ZBTB7B SOCS1	3	negative regulation of CD8-positive, alpha-beta T cell differentiation	SOCS1 ECPAS PLEKHG4	SPSB1 DEFB135 MTIF3	GO:0043377	negative regulation of CD8-positive, alpha-beta T cell differentiation	5.437847405946356e-10	3/3	ZBTB7B,SOCS1,SLC4A2	GO:0043370	regulation of CD4-positive, alpha-beta T cell differentiation	0.1070194989431417	1/53	SOCS1	GO:0070124	mitochondrial translational initiation	0.0229088344283463	1/2	MTIF3
GO:0035825	MSH5 UBE2B MLH3 MND1 RAD51B C1orf146 MUS81 SYCP1 TEX11 NBN HFM1 CENPS-CORT KLHDC3 TEX19 SHOC1 MSH4 ANKLE1 RNF212 FANCD2 TOP2A ERCC4 ATM MRE11 BRME1 MAJIN C14orf39 TERB1 CNTD1 EME1 SPO11 UHRF1 REC8 BRCA1 CENPX RNF212B BARD1 RAD51D RAD54B FANCM SYCE3 RBBP8 HSF2BP MLH1 RAD51C MEIOB SLX4 PSMC3IP ANKRD31 CENPS RMI1 PRDM7 NUCKS1 TERB2 TOP6BL RAD21 BRIP1 RAD51AP1 TRIP13 RAD54L RAD50 CCNB1IP1 RAD51 HDAC10 UBR2 TOP2B TOPBP1 PRDM9 EME2 DMC1	69	homologous recombination	SPO11 RNF212 KLHDC3 RAD51C TOP2B TEX11 CENPS ANKRD31 FANCM SLX4 CENPS-CORT MEIOB BRCA1 ATM SYCE3 EME2 BRIP1 MSH5 BRME1 RAD21 TOPBP1 PRDM7 ANKLE1 UBR2 HDAC10 TERB1 UBE2B NUCKS1 MUS81 RAD51 SYCP1 RBBP8 MAJIN HFM1 IL1A PRSS8 WWC2 VPS18 OGG1 RTTN LSM14B PFKFB1 TAF5 IMPA2 LAS1L TBX1 AP1M2 PCDHA4 IFT56 AAMDC OR11H1 MFHAS1 ALOX12 DLL3 KLHL10 RIMKLB CCNB2 SSBP3 KCTD16 ARHGAP29 DACT3 APLNR GOLGA8O LIPI ANXA3 SPRTN PTPDC1 DNAH8 CD79B	IFNA7 MTIF2 DHDH MAGOH SYCP2 MIA3 UBAP2 SST THOC7 NHERF1 ICAM3 GOPC DGKD TRIOBP KCNK10 LYPLA1 CSTL1 CTDSPL2 SRPRA USP21 CENPU MARCKS PRKCI HLA-DQB1 PWP1 GPR89A LCK SLAIN2 CNGA4 ARMC7 MGAM2 KIFBP DFFB ZNF254 MEX3B ATP6V1D EIF2B2 AKAP4 SOX6 NDUFA1 IGFBP3 AR CTAGE1 TAS2R39 ELAVL2 MCM10 IL1A ZNF649 ANKRD17 RGPD2 STXBP5 RBM6 CHMP2B PDZD4 LETM1 LSM7 GCNT7 SOBP JHY NT5C1A DMRTC2 PARP14 TBC1D3G TDP2 KLK7 PLCB1 CLIC6 NCAPG2 ZNF385B	GO:0035825	homologous recombination	2.742256598946861e-191	69/69	RNF212B,TOP2B,RMI1,RAD51C,MND1,SHOC1,TOP2A,EME2,RNF212,UBR2,RAD54B,ERCC4,FANCD2,ATM,TERB1,RBBP8,C1orf146,MUS81,HSF2BP,MLH1,CENPS,RAD51AP1,PRDM9,KLHDC3,PSMC3IP,SPO11,NBN,MAJIN,RAD21,CCNB1IP1,UHRF1,CENPX,RAD51,TOPBP1,TEX19,SLX4,EME1,RAD51B,TOP6BL,TEX11,CNTD1,REC8,BRCA1,MRE11,NUCKS1,FANCM,RAD54L,HFM1,BRIP1,ANKLE1,CENPS-CORT,MEIOB,PRDM7,RAD51D,C14orf39,MSH4,RAD50,HDAC10,SYCP1,MSH5,TRIP13,DMC1,UBE2B,MLH3,BRME1,SYCE3,ANKRD31,BARD1,TERB2	GO:0035825	homologous recombination	2.2896089826422208e-63	34/69	TOP2B,EME2,RAD51C,RNF212,UBR2,ATM,TERB1,RBBP8,MUS81,CENPS,KLHDC3,SPO11,MAJIN,RAD21,RAD51,TOPBP1,SLX4,TEX11,BRCA1,NUCKS1,FANCM,HFM1,BRIP1,ANKLE1,CENPS-CORT,MEIOB,PRDM7,HDAC10,SYCP1,MSH5,UBE2B,BRME1,SYCE3,ANKRD31	GO:0048808	male genitalia morphogenesis	0.186235407451309	2/4	SYCP2,AR
GO:0007063	SMC5 ESPL1 BUB1 ATRX NSMCE2 RAD21 SLF2 CTNNB1 DDX11 FEN1 TNKS WAPL CTCF SLF1 MACROH2A1 NAA10 AXIN2	17	regulation of sister chromatid cohesion	MACROH2A1 BUB1 SLF1 AXIN2 WAPL CTNNB1 ATRX NSMCE2 ARHGAP1 GPRASP2 CAMK2A KCTD4 MRPL10 STARD4 NR4A3 SPA17 STK38	DPY19L2 ANXA4 OR10Z1 GTF2H1 EXTL3 SERBP1 ALKAL1 MMP23B TFIP11 PRR14 IER2 GRIN2D MRPS27 ND5 PRM1 ZNF138 MLN	GO:0007063	regulation of sister chromatid cohesion	5.47676539511693e-55	17/17	ESPL1,CTCF,RAD21,NAA10,TNKS,AXIN2,SMC5,NSMCE2,CTNNB1,MACROH2A1,FEN1,ATRX,SLF1,BUB1,DDX11,SLF2,WAPL	GO:0007063	regulation of sister chromatid cohesion	4.927480863126498e-18	8/17	AXIN2,NSMCE2,MACROH2A1,ATRX,SLF1,BUB1,CTNNB1,WAPL	GO:0070378	positive regulation of ERK5 cascade	0.20973768584878	1/2	ALKAL1
GO:0051036	RAB11A BORCS6 BORCS8 CHMP3 BORCS5 RAB5A BLOC1S2 SNAPIN BORCS7 BLOC1S1 KXD1 RILP ALS2 RNF103-CHMP3	14	regulation of endosome size	BORCS7 SNAPIN ALS2 BORCS6 RAB5A BLOC1S1 RILP PRKCQ KRT74 CYSLTR1 SEPTIN14 PTPN3 MRPL10 FAM32A	GLI4 BLVRA SRP68 TM9SF4 ZAN SMARCD3 LYST EMX2 KCNJ15 HNRNPU CDK8 ATG5 GSTZ1 MYMK	GO:0051036	regulation of endosome size	2.7836952735999467e-46	14/14	ALS2,KXD1,BORCS7,BLOC1S2,BLOC1S1,BORCS6,RILP,RNF103-CHMP3,CHMP3,BORCS5,RAB5A,BORCS8,RAB11A,SNAPIN	GO:0051036	regulation of endosome size	1.0204767614156927e-16	7/14	ALS2,BORCS7,BLOC1S1,RILP,BORCS6,RAB5A,SNAPIN	GO:0018410	C-terminal protein amino acid modification	0.1419314374061449	1/16	ATG5
GO:0071715	MIF SLC22A7 ABCC10 TNFSF11 PLA2G5 SLCO4A1 DRD3 NOS2 AVPR1B LEP SLC22A8 LHCGR PNPLA8 NMUR2 PLA2G2D NTSR1 ABCC6 ABCC1 EDN1 PLA2G2E TNFRSF11A PLA2G1B PTGES SLC22A6 SLCO3A1 ABCC3 OC90 MAP2K6 PTGS2 ACE PLA2R1 PLA2G4F PLA2G12B PLA2G10 P2RX7 SLCO2A1 IL1B SLC22A1 PROCA1 SLC22A11 DRD2 BDKRB2 PLA2G2F PLA2G3 IL1A P2RX4 NMB SLC22A2 ABCC11 ABCC4 SYK SLCO1B1 SSTR4 PLA2G12A ABCC2 CYP4A11 PLA2G2A DRD4 PLA2G4A SLCO2B1 CYP4F2	61	icosanoid transport	ABCC6 P2RX4 PLA2G2E SLC22A7 PTGES SSTR4 SLC22A11 PROCA1 ABCC10 PLA2G12A SLCO4A1 PLA2G3 MIF SLCO3A1 ABCC11 PLA2G10 PLA2G2F CYP4F2 PTGS2 PNPLA8 NTSR1 PLA2R1 NMB EDN1 DRD4 BDKRB2 SLCO1B1 SLC22A6 PLA2G2D ABCC1 TNFRSF18 RARS1 AGA OSBPL8 PPP1R11 SND1 RAB3GAP2 AIMP1 BAAT ERBIN CCAR1 CRYGN LY9 OCEL1 RNF2 MAGEB5 HSPA8 OR52B2 KPNA1 COL6A3 CPEB4 KRT9 FBL PJA1 DDX5 POLR3H B4GALT2 MED20 KAT2A TET3 ZNF814	SLC30A8 MICAL3 HK2 PRKAA2 TMCC1 NUDT14 CDK5R2 PAH KLF12 GAA INPP5K CHRNA4 PEX5L OR2C3 TMEM150B STEAP3 ZNF552 IFIT5 SLC25A5 CHI3L2 ZWINT COPS7A MAMLD1 CCDC96 ZDHHC8 IL9 ZNF416 DEFA4 RASSF7 GPR65 OR5AR1 DENND2B MRPS2 PSMD1 IMPDH1 RBM26 GLT6D1 LTBP4 TMEM205 FOXD2 TNFRSF10C PCDHAC2 ZPBP2 ZNF324 ACBD7 RFPL4AL1 STK10 CLCF1 PHLDA2 KLC1 OR52A5 IL2RA UQCRB METTL6 TSPY10 PRPSAP1 MIF4GD DDAH2 CYB5D1 PPP1CC PPIE	GO:0071715	icosanoid transport	1.290719401017117e-171	61/61	DRD4,CYP4F2,NMUR2,SLC22A6,IL1A,SYK,MIF,PLA2G10,PTGES,P2RX4,PLA2G4A,DRD2,TNFSF11,SLCO3A1,PTGS2,SLC22A11,PROCA1,PLA2G4F,SLCO4A1,SLC22A2,PLA2G2E,AVPR1B,LEP,SLCO2A1,NOS2,PLA2R1,PLA2G12B,TNFRSF11A,DRD3,NMB,OC90,IL1B,NTSR1,ABCC2,PLA2G3,ABCC11,SLC22A7,ABCC10,ABCC3,SLC22A1,EDN1,PNPLA8,ABCC6,PLA2G12A,P2RX7,ABCC4,ABCC1,ACE,LHCGR,SLC22A8,MAP2K6,BDKRB2,PLA2G1B,SLCO1B1,PLA2G2D,SSTR4,PLA2G2F,PLA2G2A,SLCO2B1,CYP4A11,PLA2G5	GO:0071715	icosanoid transport	3.69019736279476e-57	30/61	DRD4,CYP4F2,SLC22A6,MIF,PLA2G10,PTGES,P2RX4,SLCO3A1,PTGS2,SLC22A11,PROCA1,SLCO4A1,PLA2G2E,PLA2R1,NMB,NTSR1,PLA2G3,ABCC11,SLC22A7,ABCC10,EDN1,PNPLA8,ABCC6,PLA2G12A,ABCC1,BDKRB2,SLCO1B1,SSTR4,PLA2G2D,PLA2G2F	GO:0005977	glycogen metabolic process	0.0958404880910201	4/69	PPP1CC,PHLDA2,INPP5K,GAA
GO:0070316	SMARCA2 MED1 ARID2 DAB2IP PBRM1 ACTL6B CHEK1 SMARCB1 DPF1 SMARCD2 PPP2R5B BCL7B ARID1B PHF10 CDKN2B RHNO1 BCL7A SMARCC1 BRD7 RRM1 FOXO4 ARID1A DPF2 BCL7C RRM2B SOX15 DUX4 SMARCC2 SMARCA4 ACTL6A SMARCD3 SMARCE1 DPF3 HLA-G ACTB SMARCD1	36	regulation of G0 to G1 transition	DPF1 SMARCB1 FOXO4 PPP2R5B SMARCA4 DPF3 SMARCC2 ACTB BCL7C SMARCE1 DAB2IP BCL7A SOX15 BRD7 RHNO1 HLA-G PBRM1 ACTL6A SALL2 OR4C16 S100A16 EID2 DNAAF3 AUTS2 VAMP8 SMYD2 C19orf18 SPACA7 OR10X1 RHOBTB1 ZDHHC1 SNX24 ZGPAT EFS MRPS22 CSTA	RP9 ZC3HC1 SEL1L OR2T8 ACAD9 SERINC5 HRH4 GUSB RAB2B P4HA3 GLIS2 DNAJC11 TOE1 NRROS ATP2A1 MKRN3 APOA1 TMC4 HAX1 CGB1 VASH1 FTCD SMG8 ZC3H7B PRKG2 SPR NGF UBE2V1 LRCH1 TMTC3 DEGS1 KLF7 POLD4 UBE2J1 DMAP1 LRRD1	GO:0070316	regulation of G0 to G1 transition	2.584248433271576e-108	36/36	DPF1,ARID1A,BCL7C,CDKN2B,DPF3,ARID1B,SMARCD2,SMARCA4,SOX15,RRM2B,ARID2,PPP2R5B,RRM1,CHEK1,PHF10,SMARCC2,ACTB,BCL7B,ACTL6A,SMARCE1,DAB2IP,SMARCB1,BCL7A,ACTL6B,DPF2,PBRM1,SMARCA2,SMARCD3,SMARCC1,BRD7,HLA-G,FOXO4,DUX4,SMARCD1,MED1,RHNO1	GO:0070316	regulation of G0 to G1 transition	4.543667668875178e-38	18/36	DAB2IP,BRD7,HLA-G,SMARCB1,FOXO4,BCL7A,DPF1,BCL7C,PPP2R5B,DPF3,SMARCC2,PBRM1,ACTB,RHNO1,ACTL6A,SMARCE1,SMARCA4,SOX15	GO:0042558	pteridine-containing compound metabolic process	0.0483248230459037	3/32	SPR,FTCD,PRKG2
GO:0071716	ABCC4 ABCC3 ABCC10 ABCC6 ABCC1 ABCC2 ABCC11	7	leukotriene transport	ABCC6 ABCC4 ABCC11 SLC35E4 ACSF3 AIRIM MAD2L2	MYH11 SLBP PRKAB1 GALC MID2 AMMECR1 HOXB1	GO:0071716	leukotriene transport	2.9114649632097794e-24	7/7	ABCC6,ABCC4,ABCC1,ABCC2,ABCC11,ABCC10,ABCC3	GO:0071716	leukotriene transport	7.937368573084262e-07	3/7	ABCC11,ABCC4,ABCC6	GO:0019376	galactolipid catabolic process	0.0663867446809888	1/3	GALC
GO:0006515	AKIRIN2 LONP2 FBXL17 KLHL15 NGLY1 UGGT2 YME1L1 CUL3 DERL1 CLPP RNF185 VCP ZER1 UFD1 PEX12 OMA1 BAG6 RNF126 UBE2W TOR1A RNF5 UGGT1 SDF2L1 AUP1 HDAC6 STUB1 LONP1 ATXN3 ANKZF1 PEX10 ZYG11B	31	protein quality control for misfolded or incompletely synthesized proteins	CLPP RNF5 ATXN3 AKIRIN2 ANKZF1 BAG6 PEX10 ZYG11B UFD1 VCP FBXL17 HDAC6 RNF126 PEX12 UGGT1 COPS9 TGIF1 RDH11 ELMO2 ASCL4 ZP4 RBP5 MCM8 KRTAP6-2 AP2M1 RASSF8 RAB8B GABRE NUSAP1 MIEF2 SRPK3	ZXDA OR51I1 OR10A3 AMPD2 CYP4B1 ARRDC4 CCR4 FASTKD3 RMI2 VXN UNC13D LCE2A LIMS1 LYPD3 USP50 SLC25A6 MED17 ANGPTL1 DIRAS1 HOXD8 DOK1 KLF2 CALM3 MRPS18A MAGEA9 WWC3 CEBPE GABRQ ZNF195 PISD GPHN	GO:0006515	protein quality control for misfolded or incompletely synthesized proteins	7.278305446719202e-95	31/31	PEX12,TOR1A,BAG6,RNF126,ZYG11B,RNF5,UBE2W,CUL3,AUP1,LONP1,VCP,SDF2L1,AKIRIN2,NGLY1,STUB1,UGGT2,DERL1,FBXL17,ZER1,LONP2,ATXN3,KLHL15,UFD1,OMA1,PEX10,ANKZF1,CLPP,YME1L1,UGGT1,HDAC6,RNF185	GO:0006515	protein quality control for misfolded or incompletely synthesized proteins	4.906093590298594e-32	15/31	UFD1,PEX12,PEX10,ANKZF1,BAG6,RNF126,ZYG11B,FBXL17,VCP,CLPP,UGGT1,ATXN3,HDAC6,RNF5,AKIRIN2	GO:0015866	ADP transport	0.3502796916632441	1/12	SLC25A6
GO:1901550	PLCB1 ROCK1 VEGFA PROC S1PR3 CLDN5 PPP1R12A CDH5 S1PR2 ROCK2 IKBKB TNFRSF1A IL1B VCL TNF F11R ADD1 ZDHHC21	18	regulation of endothelial cell development	ADD1 ROCK1 IKBKB S1PR3 ZDHHC21 VEGFA ROCK2 PROC TNF TUBG2 JAGN1 AGAP3 AURKAIP1 SS18L2 POLA2 RPE65 CFDP1 ACSBG2	PEX5 SDCBP2 LYPLA1 HRH4 CCNP TBCE TMEM241 GPRC6A MESP1 VCX2 GZMB HOOK2 AK8 SERHL2 DAZ1 FDXACB1 DDO AGPAT4	GO:1901550	regulation of endothelial cell development	4.6424372945295264e-58	18/18	S1PR3,PPP1R12A,VCL,CDH5,ADD1,VEGFA,PROC,PLCB1,CLDN5,S1PR2,ROCK1,IKBKB,IL1B,F11R,ZDHHC21,TNFRSF1A,TNF,ROCK2	GO:1903140	regulation of establishment of endothelial barrier	6.538744206951854e-21	9/18	S1PR3,ADD1,VEGFA,PROC,IKBKB,ROCK1,ZDHHC21,TNF,ROCK2	GO:0060947	cardiac vascular smooth muscle cell differentiation	0.1546951074666827	1/8	MESP1
GO:0010899	LDLR SCARB1 APOC1	3	regulation of phosphatidylcholine catabolic process	SCARB1 ANAPC15 RALA	VPS52 CAPZA1 ALDH9A1	GO:0010899	regulation of phosphatidylcholine catabolic process	5.486508232845206e-10	3/3	SCARB1,LDLR,APOC1	GO:0098856	intestinal lipid absorption	0.0452711068563609	1/19	SCARB1	GO:0010668	ectodermal cell differentiation	0.035412259305215	1/6	VPS52
GO:1901079	CHGA ABCC8 HRC	3	positive regulation of relaxation of muscle	ABCC8 TBCB LATS1	SSX7 ZNF425 RTP4	GO:1901079	positive regulation of relaxation of muscle	5.814968814412436e-10	3/3	CHGA,HRC,ABCC8	GO:0001827	inner cell mass cell fate commitment	0.0390434228182156	1/3	LATS1	GO:0051205	protein insertion into membrane	0.2021316635801497	1/44	RTP4
GO:1900087	CUL4A CPSF3 PLCB1 CCND3 CCNE2 EGFR CDC6 KMT2E CCNE1 CYP1A1 LSM11 ADAM17 TERT RDX ANKRD17 RRM1 UBE2E2 RPTOR FGF10 RGCC CUL4B MTBP KCNA5 STIL CDK10 AKT1 AIF1 ADAMTS1 STOX1 LSM10 CCND1 DDR2 CENPJ MEPCE MBLAC1 MDM2 SASS6 HYAL1 TFDP1 RRM2 DDX3X CCND2 EIF4G1 PLRG1	44	positive regulation of G1/S transition of mitotic cell cycle	EGFR UBE2E2 CDC6 MBLAC1 CCND2 KMT2E RPTOR ANKRD17 ADAMTS1 CCNE2 ADAM17 HYAL1 CUL4B CDK10 MEPCE DDX3X CENPJ RDX STIL PLRG1 CYP1A1 CUL4A AP4S1 HGD HS3ST3A1 CCR7 STX4 PCDHA9 RGS16 IFT57 CXCL3 COL1A2 CRIP2 CRB1 PRPF3 PSMD13 PLEKHM3 OR5M10 CNEP1R1 SPRR2F GLB1L2 AQP5 HHEX PDGFC	GBGT1 EIF4G2 PRKACG PRKAR2A BEX4 CERT1 CIDEB PMFBP1 DMRTB1 NDRG1 H2BC3 SHMT1 OR6C6 CAPN2 GNG5 TICRR COX4I1 RPL11 OPRL1 PARM1 C1QL4 TOLLIP ULBP3 MLC1 MNX1 NCAN TIMM17B KIF25 USP51 LYNX1 ZNF114 NYNRIN OTOG MRPL16 WDR26 SLC2A3 NDUFB3 H4C8 ASB9 CD52 ABHD14B SPP2 TAC4 PIPOX	GO:1900087	positive regulation of G1/S transition of mitotic cell cycle	4.834975682933357e-129	44/44	CDC6,SASS6,EIF4G1,AKT1,CCNE1,PLRG1,DDX3X,RGCC,ADAM17,CDK10,KMT2E,RRM2,STIL,PLCB1,CPSF3,RRM1,ANKRD17,AIF1,STOX1,EGFR,MBLAC1,RDX,CUL4B,RPTOR,CCNE2,MDM2,CUL4A,FGF10,CCND3,KCNA5,MTBP,CENPJ,TERT,TFDP1,CCND2,CYP1A1,CCND1,DDR2,LSM10,ADAMTS1,MEPCE,UBE2E2,HYAL1,LSM11	GO:1900087	positive regulation of G1/S transition of mitotic cell cycle	8.0320305841056e-45	22/44	CDC6,PLRG1,DDX3X,ADAM17,CDK10,KMT2E,STIL,ANKRD17,EGFR,MBLAC1,RDX,CUL4B,RPTOR,CCNE2,CUL4A,CENPJ,CCND2,CYP1A1,ADAMTS1,MEPCE,UBE2E2,HYAL1	GO:0009265	2'-deoxyribonucleotide biosynthetic process	0.3740181130887012	1/14	SHMT1
GO:0051884	WNT5A CTNNB1 SPINK5 WNT10B FERMT1	5	regulation of timing of anagen	FERMT1 CTNNB1 ACP2 ATG16L2 TCHH	SLC10A3 OSBPL9 WDR35 ZBTB37 PPP4R1	GO:0051884	anagen	6.371056845842377e-17	5/5	FERMT1,WNT5A,WNT10B,SPINK5,CTNNB1	GO:0051884	regulation of timing of anagen	0.0003204910632251	2/5	CTNNB1,FERMT1	GO:0010876	lipid localization	0.2546972796745449	2/474	OSBPL9,SLC10A3
GO:0001892	GJB5 GRHL2 JUNB NR2F2 TTPA IGF2 MAP2K1 CEBPA TAF10 CCN1 CDX2 TRIM28 PLCD3 AKT1 CSF2 E2F8 WNT2 NODAL PLG NSDHL HEY1 CASP8 KRT19 LIF BMP5 MDFI GATA2 PCDH12 HEY2 SOCS3 HAND1 ZFP36L1 OVOL2 BMP7 ESRRB FZD5 MAPK1 CEBPB SNAI1 HS6ST1 NCOA1 ASCL2 MED1 STK3 STK4 PHLDA2 ST14 DNAJB6 RSPO3 PDGFB HES1 GCM1 LEF1 PKD2 SPINT2 CITED2 SP3 PRDM1 CDX4 WNT7B HIF1A VASH2 E2F7 IL10 EPAS1 PKD1 PLK4 ADM TMED2 BPTF BIRC6 GRB2 EOMES CITED1 TFEB SPINT1 ZNF568 KRT8 FBXW8 ARNT SOX15 CDKN1C RBPJ FGFR2 VASH1 GGNBP2 EGLN1 SETD2 EGFR	89	embryonic placenta development	HIF1A IL10 NR2F2 PLCD3 GRB2 CITED1 SPINT2 IGF2 RSPO3 ARNT WNT2 PCDH12 DNAJB6 JUNB NCOA1 CITED2 EPAS1 TFEB CEBPB MAP2K1 TRIM28 NODAL SETD2 BMP5 AKT1 GATA2 GCM1 CEBPA PKD2 MDFI MAPK1 CDX4 EOMES PLK4 GRHL2 STK3 NSDHL HS6ST1 GJB5 LEF1 ST14 HES1 TTPA BIRC6 GALNT14 DKK2 AIFM2 IQSEC2 CSH1 SCGB2A2 ZFP41 TRPV5 A4GALT EIF2B3 KLF17 ZNF354A CYBA NCK1 TRPC4 PARS2 OR5H1 PRMT2 SEC13 PPM1A PTCHD4 RHPN1 PCDHB12 ZBTB33 SUPT4H1 OTOG GPR156 PSMC6 DDX31 RPL39 VPREB1 MAP1A MAF ARSG CTNND1 COL28A1 CYP2E1 CPA5 RWDD3 CEP76 SCD5 GRN CHRNA7 KAT14 IL15RA	GNAS AZI2 CATSPERZ CWC25 GPBAR1 NISCH ARCN1 MARCHF1 KIF20B COPRS PLCL2 CTRL NSD2 IL17RA MLC1 OR1S2 SLCO4A1 TAMM41 CLK2 TRAPPC12 KCNA6 HSPA14 ACADL GPD2 CFAP36 STK38L NCOA6 PRAME ACTN3 TSEN2 PJA1 ELOB FER ARFRP1 ABCF3 PROKR2 CDIPT GRINA HJURP CHRNE ADAM23 ECD CNRIP1 PIGH MON2 FDX2 PLA2G4A ASCC2 HLCS ACADVL EID1 IL23R ARL6IP4 MALL EOGT BCCIP LDB1 EIF3A FUT11 GLMP CEACAM7 STRN3 PRAMEF6 PLPP2 OR3A1 B3GNT6 NFE2L3 JUN HDGF PTPRCAP OR1S1 LSM14A LIPK WNT5B G6PC1 ZNF79 RAET1L SEMA6B KRBOX5 USP17L5 ZNF202 KANSL2 ARR3 NUDCD3 MAGEF1 EVX1 PHLDA1 ZNF225 GALE	GO:0001892	embryonic placenta development	2.1256977817552317e-237	89/89	PLCD3,TFEB,VASH2,BPTF,HS6ST1,CITED2,ZFP36L1,MAP2K1,PLK4,CASP8,CCN1,WNT2,FGFR2,EGFR,HAND1,GJB5,LIF,SETD2,NCOA1,HEY2,PRDM1,EOMES,ST14,GRHL2,RSPO3,AKT1,PLG,GATA2,MAPK1,KRT19,SPINT1,EPAS1,IL10,ADM,CDKN1C,ESRRB,CDX2,E2F7,GRB2,SOCS3,CEBPA,JUNB,ASCL2,SPINT2,MDFI,NODAL,FZD5,KRT8,IGF2,TRIM28,LEF1,PDGFB,HIF1A,ZNF568,E2F8,HES1,SNAI1,HEY1,ARNT,BMP5,WNT7B,MED1,STK4,OVOL2,NR2F2,FBXW8,CEBPB,BIRC6,GGNBP2,SOX15,PHLDA2,CDX4,EGLN1,SP3,CSF2,CITED1,DNAJB6,TMED2,NSDHL,STK3,PCDH12,GCM1,TTPA,PKD2,PKD1,VASH1,RBPJ,BMP7,TAF10	GO:0001892	embryonic placenta development	1.4735936530907007e-77	44/89	MDFI,PLCD3,TFEB,RSPO3,NR2F2,AKT1,NODAL,GATA2,CEBPB,BIRC6,MAPK1,HS6ST1,EPAS1,CITED2,IGF2,IL10,MAP2K1,PLK4,CDX4,TRIM28,WNT2,LEF1,CITED1,DNAJB6,NSDHL,STK3,HIF1A,PCDH12,GCM1,GJB5,TTPA,GRB2,SETD2,HES1,PKD2,NCOA1,CEBPA,ARNT,JUNB,EOMES,ST14,BMP5,GRHL2,SPINT2	GO:0051083	'de novo' cotranslational protein folding	0.4901958777061888	1/2	HSPA14
GO:2000344	PLCB1 FAM170B PLB1 PLA2G10 CACNA1H GLRA1 CCDC87 PRSS37 IQCF1 ZP4 ZP3	11	positive regulation of acrosome reaction	PRSS37 FAM170B CACNA1H ZP4 ZP3 EPCIP B3GNT8 MRPS15 MKLN1 LIM2 RRN3	DUX1 IRX6 ZFP62 HAMP NRBP2 DDX23 C2orf69 CTAGE1 BEX1 HIF1A PRDX5	GO:2000344	positive regulation of acrosome reaction	1.041863125027576e-36	11/11	PLB1,CCDC87,PLCB1,GLRA1,CACNA1H,ZP4,PLA2G10,ZP3,PRSS37,IQCF1,FAM170B	GO:2000344	positive regulation of acrosome reaction	8.805198777216152e-12	5/11	CACNA1H,ZP4,ZP3,PRSS37,FAM170B	GO:0016241	regulation of macroautophagy	0.1002390122099775	2/158	NRBP2,HIF1A
GO:0035930	LINC02210-CRHR1 POMC CRH WNK4 CRHR1 AGTR1 REN GAL BMP6 CRY1 KCNQ1 GALR1 SELENOM GHRL AGT TSPO CRY2 PTPN11 C1QTNF1 DAB2	20	corticosteroid hormone secretion	PTPN11 SELENOM GAL KCNQ1 GHRL C1QTNF1 CRHR1 DAB2 GALR1 POMC TRIM56 CSF3 SUSD4 MAP2 CELF2 GIPC2 CSNK1G3 TMPRSS11E NCKAP1 SART1	CD300C MRPL54 MEGF6 MINAR1 SETMAR CTAGE9 NIPAL4 RCE1 MGMT TBC1D3H SEMA4F MND1 ENDOV RFX7 ELF3 PANK1 GOT2 CLN6 COPG1 AGBL3	GO:0035930	corticosteroid hormone secretion	1.0575873808587317e-63	20/20	PTPN11,BMP6,SELENOM,CRHR1,AGT,WNK4,GAL,POMC,TSPO,AGTR1,KCNQ1,CRH,CRY2,LINC02210-CRHR1,GHRL,C1QTNF1,GALR1,DAB2,CRY1,REN	GO:0035930	corticosteroid hormone secretion	8.596570139185241e-23	10/20	PTPN11,SELENOM,GAL,POMC,GHRL,C1QTNF1,GALR1,DAB2,CRHR1,KCNQ1	GO:0010911	regulation of isomerase activity	0.252186354421015	1/7	SETMAR
GO:0009744	CALCRL PNPLA3 SLC6A1 KHK ADIPOQ ERCC1	6	response to sucrose	SLC6A1 ADIPOQ CALCRL OR6V1 FBXL22 RACGAP1	SOX8 VPS36 SLC44A5 CLPS USH1G LARS1	GO:0009744	response to sucrose	2.529044649385264e-20	6/6	KHK,SLC6A1,PNPLA3,ERCC1,ADIPOQ,CALCRL	GO:0034285	response to disaccharide	3.34487894646636e-07	3/7	SLC6A1,ADIPOQ,CALCRL	GO:0043201	response to leucine	0.0965933050953867	1/15	LARS1
GO:0014043	BCL11A EDNRB TBX6	3	negative regulation of neuron maturation	BCL11A NDUFS1 MSI1	SELENOP SNAI2 TRAPPC11	GO:0014043	negative regulation of neuron maturation	6.094768569080815e-10	3/3	TBX6,EDNRB,BCL11A	GO:0014043	negative regulation of neuron maturation	0.0501300153843017	1/3	BCL11A	GO:0048208	COPII vesicle coating	0.0423210788715343	1/25	TRAPPC11
GO:0033141	IFNA1 IFNA6 LIF IFNA13 IFNA8 IFNA21 IFNE IFNA7 IFNA4 IFNK IFNW1 IFNB1 IFNA10 IFNG IFNA2 IFNA5 IFNA17 RET IFNA14 IFNA16	20	positive regulation of peptidyl-serine phosphorylation of STAT protein	IFNA5 LIF IFNA7 IFNA14 RET IFNA6 IFNW1 IFNE IFNK IFNB1 TRPV4 INSR SPPL3 CROT POM121L2 RPRD1B TSN KAT5 JMJD4 FIZ1	ERCC6L UBTFL1 LCE1E SHC3 USP22 OAS2 PKLR RBM27 OR11H12 GUCA1C BANK1 OR4S1 SDHD KCNC2 SMYD5 IL36RN ZNF236 CRIP1 DNAH6 ROR2	GO:0033141	positive regulation of peptidyl-serine phosphorylation of STAT protein	6.392659098783977e-64	20/20	IFNA4,IFNA8,IFNA13,IFNA14,IFNG,IFNA6,IFNA17,RET,IFNB1,IFNA10,LIF,IFNA21,IFNA7,IFNA16,IFNA5,IFNA2,IFNA1,IFNK,IFNE,IFNW1	GO:0033141	positive regulation of peptidyl-serine phosphorylation of STAT protein	8.004120157722404e-23	10/20	IFNA6,LIF,IFNK,IFNW1,IFNE,RET,IFNA14,IFNA7,IFNB1,IFNA5	GO:0010038	response to metal ion	0.4088704705283924	3/358	CRIP1,PKLR,KCNC2
GO:0003357	PHOX2A PHOX2B RNF220 SOX11 EDNRA EDN1 ASCL1 SOX4 INSM1 ZC4H2 HAND2	11	noradrenergic neuron differentiation	PHOX2B INSM1 RNF220 SOX4 EDNRA SSX2B RGS21 FUBP3 NCF4 ALPI COL5A3	LIN52 PWP1 TACR1 TRIM68 PPIP5K2 STK33 MATCAP1 KPNA6 PATL1 TMIE LIFR	GO:0003357	noradrenergic neuron differentiation	1.6082682714514073e-36	11/11	ZC4H2,EDN1,PHOX2A,RNF220,SOX4,SOX11,PHOX2B,INSM1,HAND2,EDNRA,ASCL1	GO:0003357	noradrenergic neuron differentiation	1.5122749932413918e-11	5/11	RNF220,SOX4,PHOX2B,INSM1,EDNRA	GO:0070120	ciliary neurotrophic factor-mediated signaling pathway	0.1186537464211363	1/5	LIFR
GO:0070202	CCT8 CCT5 CCT2 DKC1 CCT4 TERF1 CCT6A TCP1 SPIDR CCT3 WRAP53 CCT7	12	regulation of establishment of protein localization to chromosome	CCT3 SPIDR CCT4 CCT7 CCT8 TERF1 OR5T2 FAM13B MBTPS1 COPE OR1L8 SLITRK5	BAG2 OR8U3 COL9A1 HMGN2 HSCB CAPN6 TMEM125 PHF21A ACBD7 CRB2 ELAVL2 ZNF365	GO:0070202	regulation of establishment of protein localization to chromosome	2.744761796425694e-40	12/12	TERF1,CCT4,CCT3,WRAP53,TCP1,CCT7,CCT6A,CCT5,SPIDR,DKC1,CCT8,CCT2	GO:0070202	regulation of establishment of protein localization to chromosome	1.0852337822293614e-14	6/12	TERF1,CCT4,CCT3,CCT7,SPIDR,CCT8	GO:0048570	notochord morphogenesis	0.2915076418183291	1/8	CRB2
GO:0006098	RPIA TP53 TIGAR PGLS SHPK DERA RBKS RPEL1 RPTOR ACACB H6PD PGD PGAM1 G6PD MLST8 ALDOB MTOR TKT RPE PRPS2 TALDO1	21	pentose-phosphate shunt	RPEL1 RPTOR G6PD SHPK DERA TKT TP53 RBKS PGLS PGD AGAP4 PHF2 SLC10A7 PLA2G2F ANXA7 NCBP1 ZRSR2 NOBOX ASB1 CA7 TYR	SP140L IL4 SQLE NCK2 PTPRO ATG7 GAGE2B RBP3 MRGPRD ZKSCAN4 UTP4 GABARAPL2 ZNF20 NKX1-1 C10orf90 ARK2C FAM3C SLC9A7 TAL2 RPA3 CCSER2	GO:0006098	pentose-phosphate shunt	1.020947049070345e-66	21/21	TIGAR,RPEL1,PRPS2,MLST8,MTOR,PGLS,TKT,SHPK,G6PD,PGD,RPIA,DERA,H6PD,TALDO1,PGAM1,ACACB,RPTOR,ALDOB,RPE,TP53,RBKS	GO:0006098	pentose-phosphate shunt	2.6982462933010205e-22	10/21	SHPK,G6PD,PGD,RPTOR,TP53,DERA,RBKS,RPEL1,PGLS,TKT	GO:0006995	cellular response to nitrogen starvation	0.0719021534382242	2/11	ATG7,GABARAPL2
GO:0010232	LRP1 LRP3 SLC13A3 SLC7A8 SLC38A5 AVPR1B ABCB1 SLC22A8 APOE SLC6A20 SLC38A1 ABCC3 ATP2B4 SLC22A5 AGER SLC7A5 KCNJ8 SLC29A1 SLC22A1 SLC1A4 SLC5A6 SLC16A7 SLC6A17 SLC7A1 ABCC2 AVPR1A CD36 SLC6A13 SLC1A2 SLC4A3 SLC12A2 SLC1A1 SLC2A10 SLC29A2 SLC6A9 SLC2A4 INSR SLC22A2 ABCC4 SLC6A1 LRP2 SLC16A1 SLC2A13 SLC27A1 SLCO2B1 SLC27A4 SLC38A2 ATP2A3 ATP1B2 NHERF1 SLC1A5 SLC16A12 FABP5 SLC22A3 SLC2A1 SLCO3A1 TFRC SLC5A1 ATP1A2 ABCC9 SLC8A2 SLC1A3 SLC16A2 SLC29A4 SLC24A3 SLC2A3 SLC38A3 SLC6A6 ABCA2 SLC4A8 SLC15A2 SLC19A1 SLC7A3 SLC4A4 SLC5A5 SLC7A2 SLC28A2 SLC44A1 ABCC1 ABCG2 MFSD2A LEPR ATP8A1 ATP1A4 SLCO1C1 ABCC5	86	vascular transport	ABCC1 ABCA2 SLC4A4 INSR SLCO2B1 ATP8A1 KCNJ8 SLC38A2 SLC7A5 SLC8A2 SLC22A1 SLC16A12 SLC16A2 TFRC SLC19A1 SLC7A8 SLC29A4 AVPR1B ABCC3 SLC7A3 SLCO1C1 SLC6A20 MFSD2A SLC1A4 SLCO3A1 SLC2A1 SLC7A1 SLC22A5 SLC28A2 SLC2A3 SLC2A13 SLC12A2 SLC13A3 ABCG2 SLC1A1 SLC6A13 CD36 LEPR ABCC9 SLC2A4 SLC16A7 ABCC5 LRP2 HAT1 TMEM68 DHX15 OR5L1 RNF115 GAL3ST2 OR4D9 OTP RGS22 DOT1L BEX2 FAT1 CYB5B LRIT1 BLCAP CCDC68 MAGEC2 RNF39 HUS1 GPR132 ZCRB1 BNIP2 SYPL1 PNMA1 FAM3A NKX2-1 FZD6 SHOC1 AMTN MDH2 ZNF677 MTA1 HMG20B AKAP3 PM20D1 KSR2 LILRA4 FAH GOLGA8O THBS2 OR12D1 RTCA PCDHGA6	ZDHHC16 WBP11 MDC1 FCSK HS3ST2 TLR6 IKBKE DEGS1 DRC1 GPR162 PRM1 HTN1 ZNF577 OR1N1 IL21 MYT1 IFNA8 RBM47 DLGAP2 ISCA2 SRPK2 TCHP FEZ2 NXPH2 USP5 TRHR ADAMTSL3 PTBP2 ZNF443 OR4Q3 WDR55 OR12D3 ECI1 TYW1B LIG3 LPCAT1 ZNF440 DNAJB14 MAB21L1 DHX30 POLR2J3 BRK1 CALB1 BRCA2 GCNT1 LYPLAL1 KLK9 CLEC1A CASP14 TTC7B TTLL9 WNT1 ZNG1A SERPINE3 ALX3 DDB1 KLF3 GFI1 CCT7 LUZP1 CGRRF1 ZNF655 PAPOLG SPATA31C1 TIGD5 SPACA5B BBS10 RNF39 CYP2U1 C14orf39 RNF141 ELOVL2 TLL1 MSH6 INF2 ITGAE ZNF550 COIL INSYN1 E2F5 PCDHA5 ARMH4 GAS2L3 MRPL24 MGME1 L3MBTL3	GO:0010232	transport across blood-brain barrier	5.620003376460666e-231	86/86	SLC6A1,SLC7A1,FABP5,ABCC5,APOE,SLCO1C1,SLC22A2,SLC16A7,ATP1A4,AVPR1B,SLC44A1,AGER,SLC16A1,SLC38A1,SLC38A3,SLC2A13,ABCC3,SLC1A5,ABCC1,ABCB1,ABCA2,SLC22A5,SLC7A8,SLC1A3,SLC24A3,ATP1B2,TFRC,SLC6A17,LEPR,SLC2A3,SLC7A5,SLC16A2,SLC6A9,SLC5A1,SLC28A2,SLC22A3,SLC2A1,ABCG2,INSR,SLC6A20,ABCC4,SLC29A4,SLC4A8,SLC8A2,ATP8A1,SLC6A6,SLC38A5,SLC27A1,SLC7A2,SLC29A1,CD36,LRP2,SLC29A2,ATP1A2,SLC6A13,ABCC2,SLC2A10,ATP2B4,SLC7A3,AVPR1A,SLC4A4,SLC16A12,SLC22A8,SLCO2B1,SLC15A2,SLC12A2,ABCC9,SLC1A4,LRP1,SLC27A4,SLCO3A1,MFSD2A,SLC4A3,SLC19A1,LRP3,SLC13A3,SLC1A1,ATP2A3,SLC38A2,SLC1A2,KCNJ8,SLC22A1,SLC5A6,SLC5A5,NHERF1,SLC2A4	GO:0150104	transport across blood-brain barrier	3.387819395301068e-77	43/86	ATP8A1,ABCC9,SLC7A1,ABCC5,SLC1A4,TFRC,SLCO3A1,SLCO1C1,MFSD2A,LEPR,SLC16A7,SLC2A3,SLC16A2,SLC7A5,CD36,SLC8A2,LRP2,SLC19A1,AVPR1B,SLC13A3,SLC1A1,SLC28A2,SLC38A2,SLC2A1,SLC6A13,KCNJ8,SLC2A13,SLC7A3,ABCC3,ABCG2,INSR,SLC4A4,SLC22A1,SLC6A20,SLC16A12,ABCC1,SLC29A4,SLCO2B1,ABCA2,SLC12A2,SLC22A5,SLC7A8,SLC2A4	GO:1904871	positive regulation of protein localization to Cajal body	0.55138462588953	1/11	CCT7
GO:1903286	ATP1B1 ATP1B2 DLG1 ATP1B3	4	regulation of potassium ion import	DLG1 ATP1B3 CNKSR3 BFSP2	OR56B4 TANC2 YTHDC2 RHOD	GO:1903286	regulation of potassium ion import	1.6954095388376824e-13	4/4	ATP1B1,ATP1B2,DLG1,ATP1B3	GO:1903286	regulation of potassium ion import	0.0001088155047453	2/4	ATP1B3,DLG1	GO:0051729	germline cell cycle switching, mitotic to meiotic cell cycle	0.0855087303360421	1/3	YTHDC2
GO:0006548	HNMT CARNMT1 HAL HDC CARNS1 FTCD AMDHD1 UROC1	8	histidine catabolic process	AMDHD1 UROC1 CARNMT1 HNMT RAB2B DUSP7 SNAI2 ZCCHC7	CDH2 ARHGEF12 UGGT1 NRG3 AP2A2 EQTN TMEM53 MIOX	GO:0006548	histidine catabolic process	4.753617898318918e-28	8/8	UROC1,FTCD,CARNS1,HNMT,AMDHD1,HAL,HDC,CARNMT1	GO:0006548	histidine catabolic process	7.16736111056339e-10	4/8	UROC1,HNMT,AMDHD1,CARNMT1	GO:2000807	regulation of synaptic vesicle clustering	0.0829425032022232	1/6	CDH2
GO:0090659	CLN8 UCHL1 CHD7 HEXA GLRB ZNF212 GBX1 SPG11 FXN CACNB4 KLHL1 EPHA4 FKRP TRH GLRA1 EFNB3 AGTPBP1 CTNS HTRA2 ZMPSTE24 DRD1 HIPK2 ARRB2 SCN1A ZIC1 DRD2 DAB1 CEND1 KCNJ10 ABHD12 LARGE1 SPTBN4 OXR1 DMRT3 NPC1	35	walking behavior	CHD7 HTRA2 CEND1 HIPK2 KLHL1 DRD1 OXR1 NPC1 GLRB SPTBN4 EPHA4 CTNS LARGE1 FKRP ABHD12 DRD2 UCHL1 SAV1 MAGEA2 CARM1 ZFP1 NOX4 PNP RCN3 IFI35 OSR2 RUFY2 GALM SFRP1 POMT2 SEPTIN6 MTHFS PLEKHA3 CELA2B SYCP3	EFEMP1 LCOR RNF133 PSKH2 GNB2 BOC SLK KDM2B S100A12 FOXP3 GAD2 IL16 UNC13D GPR37L1 CLEC3A UBA52 LRRIQ1 EPOR SULT1A2 OR10H2 JMY IQCJ-SCHIP1 RAMP1 HCFC1 SLC25A22 SAMD7 MAP2K1 SPX MYO1B SAMD10 RHBDL3 POLE4 OR5L2 WNK1 GMFG	GO:0090659	walking behavior	1.906421552984398e-105	35/35	FKRP,DAB1,GLRA1,ARRB2,SPTBN4,SCN1A,KCNJ10,GBX1,DRD2,CACNB4,KLHL1,UCHL1,DMRT3,HTRA2,SPG11,HEXA,ZNF212,DRD1,TRH,HIPK2,NPC1,CEND1,FXN,CTNS,EFNB3,CLN8,ZMPSTE24,GLRB,EPHA4,ABHD12,CHD7,AGTPBP1,ZIC1,LARGE1,OXR1	GO:0090659	walking behavior	1.880114991559633e-35	17/35	FKRP,DRD1,NPC1,KLHL1,UCHL1,CEND1,GLRB,EPHA4,ABHD12,CHD7,CTNS,HTRA2,SPTBN4,DRD2,LARGE1,OXR1,HIPK2	GO:0060020	Bergmann glial cell differentiation	0.183416193130516	2/11	MAP2K1,GPR37L1
GO:0140588	SMC5 NSMCE3 NSMCE1 RAD21 NSMCE2 EID3 SLF2 NSMCE4A CTCF SMC6 SLF1	11	chromatin looping	NSMCE2 SLF1 NSMCE1 SLF2 EID3 NARS1 TANGO2 ZNF493 PPP1R12A GSTM5 OR11H4	OR5T1 SIX2 SLC10A3 VPS50 LRRN1 RPS12 KIF13B ANKRD2 RSPH6A WDFY4 ZNF670	GO:0140588	chromatin looping	3.879645007008764e-37	11/11	CTCF,RAD21,EID3,SMC5,NSMCE2,NSMCE3,NSMCE4A,SLF1,NSMCE1,SLF2,SMC6	GO:0140588	chromatin looping	5.458507372054729e-12	5/11	EID3,NSMCE2,SLF1,NSMCE1,SLF2	GO:0097168	mesenchymal stem cell proliferation	0.3032548706702798	1/8	SIX2
GO:0086091	KCNJ3 JUP CACNA1G KCNJ5 SCN3B KCNE4 AKAP9 CAMK2D CACNB2 SCN4B ANK2 DSG2 CAV1 KCND3 SCN2B CACNA1D CTNNA3 DSP KCNA5 SCN1B ACE ISL1 CACNA1C KCNQ1 KCNJ2 KCNE3 PKP2 DSC2 KCNE1 CACNA2D1 KCNE2 KCNH2 KCNH6 TRPM4 HCN4 SCN5A KCNE5 SRC BIN1 YWHAE	40	regulation of heart rate by cardiac conduction	KCNE2 SRC SCN3B SCN1B CTNNA3 ACE YWHAE CAV1 KCNA5 KCNE3 SCN4B SCN5A CACNA1D TRPM4 CACNA2D1 PKP2 AKAP9 KCNH2 KCNQ1 SCN2B MFSD10 ARL6IP5 NAGPA HOPX CACNG8 FOXI1 KHDRBS1 EMP3 STMND1 RTN2 PRKAR2B KLK13 AP1B1 ADGRL1 RIPK3 ADAMTS18 SPANXA2 PEPD LMTK2 SEC22B	GTF2A1L CCT3 C7 MT1E SP4 SEC23IP CNTNAP3B NUMBL RALY GALNT3 TINF2 RAB11FIP5 VGLL4 SYVN1 ZBTB38 HSF2BP SUSD6 FOCAD DHRS3 CUL4B MUS81 TGFB2 DGKB CCT8 TXNDC8 PLAC8 SYN3 POU2AF1 SRR FGFR1OP2 CDK18 SLCO2A1 VDAC1 PRAMEF11 LIN54 SCUBE3 PIGU FAM98B ZNF250 EED	GO:0086091	regulation of heart rate by cardiac conduction	9.61202838373849e-119	40/40	KCNJ5,KCNE2,CAV1,KCNJ3,DSG2,YWHAE,CACNA1G,AKAP9,KCND3,SCN2B,SCN4B,KCNE1,ANK2,SCN1B,CACNA2D1,KCNH2,BIN1,SCN3B,KCNE3,KCNQ1,KCNH6,CACNB2,ISL1,DSP,KCNE4,CACNA1D,KCNA5,KCNJ2,CTNNA3,SCN5A,SRC,KCNE5,ACE,CACNA1C,DSC2,CAMK2D,JUP,TRPM4,PKP2,HCN4	GO:0086091	regulation of heart rate by cardiac conduction	2.1106183850756636e-41	20/40	KCNE2,CAV1,YWHAE,AKAP9,SCN2B,SCN4B,SCN1B,CACNA2D1,KCNH2,SCN3B,KCNE3,KCNQ1,KCNA5,CACNA1D,CTNNA3,SCN5A,SRC,ACE,TRPM4,PKP2	GO:1904816	positive regulation of protein localization to chromosome, telomeric region	0.0447239859856967	2/12	CCT3,CCT8
GO:0048293	CLCF1 FOXP3 STAT6 BCL6 NDFIP1 IL4 TNFSF4	7	regulation of isotype switching to IgE isotypes	STAT6 BCL6 CLCF1 AP5S1 BCL11A DYTN DAZ2	RHOU CMTM7 GSTA5 RAMP3 GPRASP1 SLIT3 PLIN5	GO:0048293	isotype switching to IgE isotypes	5.7985662028780544e-24	7/7	NDFIP1,TNFSF4,CLCF1,STAT6,FOXP3,BCL6,IL4	GO:0048293	regulation of isotype switching to IgE isotypes	4.906872316756593e-07	3/7	CLCF1,BCL6,STAT6	GO:0035359	negative regulation of peroxisome proliferator activated receptor signaling pathway	0.058901005032302	1/3	PLIN5
GO:0000022	CDCA8 AURKB AURKC RACGAP1 MAP10 NUMA1 INCENP KIF4A KIF23 PRC1 KIF4B BIRC5	12	mitotic spindle elongation	AURKB BIRC5 PRC1 RACGAP1 KIF4A NUMA1 STRC SDHAF3 NEK8 ADAMTSL2 ZNF714 FNTA	ERCC6L2 IFNA4 IL20RA MARVELD1 CRY2 MRPL3 G0S2 KHDRBS3 MOSPD2 CHRNA7 CTTNBP2 SMAD1	GO:0000022	mitotic spindle elongation	4.238951650101219e-40	12/12	KIF4A,AURKB,PRC1,KIF4B,MAP10,CDCA8,BIRC5,INCENP,AURKC,KIF23,NUMA1,RACGAP1	GO:0000022	mitotic spindle elongation	1.6177554753698155e-14	6/12	KIF4A,AURKB,PRC1,BIRC5,NUMA1,RACGAP1	GO:0140042	lipid droplet formation	0.2100658869002004	1/14	MOSPD2
GO:1905278	FGF2 MMRN2 GATA3 GDNF EGF PIK3CD SIX1 SIX4	8	positive regulation of epithelial tube formation	EGF MMRN2 FGF2 GDNF EIF4EBP1 CRISP1 EHD4 ERCC2	GCNA HABP4 SLC30A7 GYS1 DNMT3A PPP1R9A TULP4 GNGT2	GO:1905278	positive regulation of epithelial tube formation	7.531334381071539e-27	8/8	PIK3CD,SIX4,EGF,GDNF,GATA3,SIX1,FGF2,MMRN2	GO:1905278	positive regulation of epithelial tube formation	1.364878336484239e-09	4/8	FGF2,GDNF,MMRN2,EGF	GO:0090116	C-5 methylation of cytosine	0.0883371101672977	1/5	DNMT3A
GO:0060768	EAF2 NKX3-1 AR CTNNB1 NOTCH1 SHH WDR77 SERPINF1 STK11 CDKN1B	10	regulation of epithelial cell proliferation involved in prostate gland development	WDR77 STK11 EAF2 CTNNB1 NKX3-1 ND5 GNB2 GPR173 CC2D2B GTF2H2C_2	GUCY1A1 TMUB2 TLX1 TOB1 HJURP TDRD7 PMFBP1 PPM1N NOTCH3 STYK1	GO:0060768	regulation of epithelial cell proliferation involved in prostate gland development	3.354526316428064e-33	10/10	SERPINF1,EAF2,STK11,NOTCH1,SHH,WDR77,CDKN1B,AR,CTNNB1,NKX3-1	GO:0060767	epithelial cell proliferation involved in prostate gland development	5.751426391792252e-12	5/11	EAF2,STK11,WDR77,CTNNB1,NKX3-1	GO:0099543	trans-synaptic signaling by soluble gas	0.1172426475536108	1/3	GUCY1A1
GO:0045599	ZFPM2 WNT3A LRP3 SIRT1 YAP1 CCDC85B TGFB1 DDIT3 TGFB1I1 GPS2 TLCD3B ZFP36L2 TRIB2 PTGR3 RORA SORT1 ENPP1 INSIG1 RUNX1T1 WNT5A WNT1 JAG1 SIRT2 ANKRD26 FLCN SOD2 FOXO1 GATA2 BMP2 TNF SLC7A10 GPER1 FERMT2 BBS12 C1QL4 CCN4 E2F1 BMAL1 AXIN1 MMP11 ID4 JDP2 TRPV4 IL6 WNT10B ADIPOQ TRIB3 MSX2 SMAD3 TRIO ASXL1 WWTR1	52	negative regulation of fat cell differentiation	CCN4 SMAD3 SLC7A10 MSX2 JDP2 AXIN1 JAG1 SIRT2 WWTR1 TRIO GPER1 INSIG1 DDIT3 ZFPM2 SORT1 TNF WNT5A WNT1 WNT3A TRIB3 ENPP1 BMAL1 WNT10B BBS12 RORA GPS2 ABHD14B MXRA5 IL13RA2 RAB7A PSME3 BAZ1A SUMO4 HFM1 LRP10 SLC35C1 EEF1G CALM2 METTL21A SFTPA2 SLCO6A1 SLC35E4 PDS5B CAPN5 CD3D MVK CRIP1 TTLL12 OR5L1 TAFA3 PTTG2 NAPRT	GAB4 FMOD AGO2 HSD17B1 LPAR3 IL10 AGAP2 SLC2A10 FEZ1 AK2 PKMYT1 GTF2E1 SYNJ2BP STK24 USO1 MMP8 HS3ST6 HOXC10 TRMO BOLA2B MTHFD2 BET1 GLI2 TTN RASSF7 SRPK3 DLX5 GRAP CCL5 TSSK3 NDUFA10 SH3TC1 PLA2G4E STPG1 YTHDF3 VTA1 OPRK1 PDCD2L ZNF512B GSTM1 STK32A CDCA5 ZNF683 TDP1 TEX12 CDK14 MTF1 MRPL55 BCL3 TAMM41 SFRP4 AOPEP	GO:0045599	negative regulation of fat cell differentiation	3.137569985024738e-149	52/52	RORA,TRPV4,GPER1,IL6,YAP1,ID4,MSX2,TRIO,FERMT2,RUNX1T1,TRIB3,BBS12,GATA2,MMP11,TRIB2,WNT10B,INSIG1,TNF,SLC7A10,SIRT1,DDIT3,SOD2,WNT1,ZFP36L2,JAG1,SMAD3,FLCN,ANKRD26,ASXL1,WNT3A,LRP3,TGFB1,BMP2,TLCD3B,PTGR3,WWTR1,FOXO1,ADIPOQ,BMAL1,SORT1,TGFB1I1,SIRT2,ZFPM2,GPS2,CCN4,ENPP1,WNT5A,E2F1,JDP2,AXIN1,C1QL4,CCDC85B	GO:0045599	negative regulation of fat cell differentiation	2.872509140210652e-51	26/52	RORA,GPER1,MSX2,TRIO,TRIB3,BBS12,WNT10B,INSIG1,TNF,SLC7A10,DDIT3,WNT1,JAG1,SMAD3,WNT3A,WWTR1,BMAL1,SORT1,SIRT2,ZFPM2,GPS2,CCN4,ENPP1,WNT5A,JDP2,AXIN1	GO:0044237	cellular metabolic process	0.1796177214415499	41/9600	TRMO,GTF2E1,GSTM1,SRPK3,LPAR3,ZNF683,BOLA2B,TDP1,TTN,ZNF512B,CCL5,IL10,AGAP2,AGO2,AK2,VTA1,PKMYT1,HS3ST6,MRPL55,DLX5,FEZ1,STPG1,CDK14,TSSK3,BCL3,STK32A,MMP8,GLI2,SLC2A10,PLA2G4E,HSD17B1,SFRP4,TEX12,TAMM41,CDCA5,MTF1,HOXC10,NDUFA10,STK24,MTHFD2,YTHDF3
GO:0051657	ATP2A1 SIRT1 UVRAG AKAP9 ASPM PAFAH1B1 GPSM2 TBCCD1 GCOM1 POLR2M MYZAP SPOUT1 ARHGAP21	13	maintenance of organelle location	TBCCD1 UVRAG MYZAP PAFAH1B1 ASPM ATP2A1 FBXO9 CYB5R3 SH3PXD2A MDGA1 AFTPH RAB11FIP1 RTP4	ACADVL UVSSA DDX42 MYL6B TGM7 PAQR5 PRSS3 NTAN1 BTAF1 STAT4 MOB1A SULT6B1 EIF3K	GO:0051657	maintenance of organelle location	7.61458134377829e-43	13/13	SIRT1,GCOM1,UVRAG,PAFAH1B1,POLR2M,ATP2A1,SPOUT1,GPSM2,TBCCD1,ASPM,AKAP9,ARHGAP21,MYZAP	GO:0051657	maintenance of organelle location	6.515425586540687e-14	6/13	UVRAG,PAFAH1B1,ATP2A1,TBCCD1,ASPM,MYZAP	GO:0046322	negative regulation of fatty acid oxidation	0.3701553066819338	1/14	ACADVL
GO:0045940	STAR WNT4 ADM APOE CES1 STARD4 NR1D1 TNF FSHB BMP6 CGA APOA1 SCAP PRKAA1 IGF1R SREBF2 IL1A FGF1 LDLRAP1 ABCG4 IFNG CYP7A1 DAB2 SREBF1 ABCG1	25	positive regulation of steroid metabolic process	WNT4 IL1A FSHB DAB2 IFNG ABCG1 APOA1 STAR CGA STARD4 CYP7A1 IGF1R HPS1 ESCO1 SRP9 CSTB EYS ZNF776 CYP2W1 ZNF319 ARL11 ZC3H12D CLDN24 PTPN5 CDKN2B	CALD1 VPS29 MTRF1 MVP GTF2I CC2D1B EPHA7 SPACA9 UBQLN4 PPP2R3B AURKA H2AC25 TRIM29 PKDCC LGALS7 LPAR6 PRDM12 DCDC1 SMARCAL1 PCDHA13 OR12D3 ND3 LARP4 ZIM2 GSTA2	GO:0045940	positive regulation of steroid metabolic process	6.672948766394686e-78	25/25	FSHB,IL1A,LDLRAP1,APOE,BMP6,SREBF2,STAR,IFNG,TNF,FGF1,CYP7A1,ABCG1,ADM,PRKAA1,IGF1R,APOA1,NR1D1,CGA,WNT4,DAB2,SREBF1,ABCG4,CES1,STARD4,SCAP	GO:0045940	positive regulation of steroid metabolic process	3.877636835251968e-26	12/25	FSHB,IL1A,APOA1,ABCG1,CYP7A1,STAR,CGA,STARD4,WNT4,DAB2,IFNG,IGF1R	GO:1900195	positive regulation of oocyte maturation	0.4002922472345092	1/3	AURKA
GO:0010757	PLAU CTSZ THBS1 SERPINF2 SERPINE1 SERPINE2 CPB2 PLAT	8	negative regulation of plasminogen activation	CPB2 SERPINE1 PLAU THBS1 ZNF737 SMDT1 XPNPEP2 LRRC32	ADAMTS17 CEP63 LRRC18 SUPT3H FUBP1 KCNK4 RPL27A LRWD1	GO:0010757	negative regulation of plasminogen activation	4.8910719098365726e-27	8/8	CPB2,PLAU,THBS1,PLAT,CTSZ,SERPINE2,SERPINE1,SERPINF2	GO:0010757	negative regulation of plasminogen activation	9.771129014010246e-10	4/8	SERPINE1,THBS1,CPB2,PLAU	GO:0071469	cellular response to alkaline pH	0.0878759292409378	1/2	KCNK4
GO:2000136	GNG5 TBX5 ISL1 RBPJ CTNNB1 NOTCH1 SMAD4 EYA1 BMP10 SOX9 HES1 ENG MKS1 SIX1 TBX3 HAND2 PIM1 BMPR2	18	regulation of cell proliferation involved in heart morphogenesis	MKS1 BMP10 EYA1 SMAD4 HAND2 GNG5 RBPJ SIX1 ENG FBXO38 MRPL22 NCOA7 APCDD1 ZNF689 DNAJC17 UBE2G2 THNSL1 DNAJC27	MGMT GPHN BANK1 NDP IL1F10 IKBKG PARD3 INCENP SSUH2 CCL7 SIAH3 ADD3 P2RY11 HELQ NIPSNAP2 IL17RC SNTA1 NCAPD2	GO:2000136	regulation of cell proliferation involved in heart morphogenesis	9.473172383718871e-58	18/18	PIM1,BMPR2,SMAD4,EYA1,TBX5,TBX3,ISL1,MKS1,SIX1,BMP10,NOTCH1,ENG,HES1,HAND2,SOX9,RBPJ,CTNNB1,GNG5	GO:2000136	regulation of cell proliferation involved in heart morphogenesis	8.287492294966794e-21	9/18	SMAD4,EYA1,MKS1,BMP10,ENG,HAND2,SIX1,RBPJ,GNG5	GO:0019229	regulation of vasoconstriction	0.1542622345591912	2/68	ADD3,SNTA1
GO:0002433	PLPP4 LYN PRKCE APPL1 PRKCD FYN VAV1 YES1 MYO1G PLA2G6 LIMK1 VAV2 PTK2 HCK APPL2 ABL1 VAV3 PLD2 FGR SYK SRC PAK1	22	immune response-regulating cell surface receptor signaling pathway involved in phagocytosis	ABL1 VAV3 APPL2 LYN FGR SYK PRKCE PRKCD PLPP4 HCK SRC CNNM3 STRN4 ZNF529 WDR5B ZNF841 BMERB1 H2AC15 HSPB8 TVP23C PSMG3 MSTN	JAML PRKCSH PIM1 EID2 EPO UBE4A MRPL9 ASB18 SEC61B TAF1B OR52M1 SRSF10 GRWD1 HSDL2 EDIL3 EIF4G3 LTV1 PHEX PRAF2 PRSS12 UFSP1 NOC4L	GO:0002433	Fc-gamma receptor signaling pathway involved in phagocytosis	9.627899157408016e-70	22/22	HCK,SYK,PLD2,PLA2G6,MYO1G,LYN,VAV1,PTK2,PLPP4,PRKCD,APPL2,VAV3,APPL1,FYN,ABL1,FGR,SRC,VAV2,PRKCE,YES1,PAK1,LIMK1	GO:0038096	Fc-gamma receptor signaling pathway involved in phagocytosis	5.617672847968909e-25	11/22	LYN,ABL1,FGR,PLPP4,SRC,HCK,SYK,PRKCE,PRKCD,APPL2,VAV3	GO:0033273	response to vitamin	0.1149619524763492	3/87	PHEX,PIM1,EPO
GO:1990874	DBH NF1 ERN1 MMP2 HPGD IGFBP5 TGFB3 DDIT3 MAP3K5 PDCD4 CDKN1A FOXJ2 RBM10 NR4A3 CDKN1B MYOCD TERT IGF1 EDN1 SOD2 PTEN PDGFB CNN1 TNF GPER1 MAP3K7 FRS2 NDRG2 CALCRL IL10 MEF2C POLDIP2 HTR1B FGFR2 EFEMP2 TPM1 FGF9 BMPR1A ADAMTS1 GNAI2 GNA12 DDR2 LDLRAP1 MDM2 APLN MEF2D ADIPOQ DNMT1 JUN JAK2 PPARG PRKG1 FGF2 MFN2 BMP4 GNA13 TAFA5 SRC MMP9 P2RY6 GJA1	61	vascular associated smooth muscle cell proliferation	MAP3K7 PDGFB HPGD CDKN1A IGFBP5 EFEMP2 FGF9 TGFB3 IL10 MYOCD NDRG2 DNMT1 MEF2C EDN1 POLDIP2 DBH TPM1 P2RY6 NF1 DDR2 MEF2D JAK2 PRKG1 BMPR1A MMP9 APLN ERN1 MFN2 CDKN1B ADAMTS1 MEIS1 SLC25A5 MAPK13 APOC4 MAGEE1 ILDR2 PTGS1 RASA4 YPEL3 COLEC12 SKIC8 RBBP9 RFPL2 BMP10 KCNA7 NDUFA9 TRIM9 CCZ1B MYO1G RASA4B ZNF606 TMPRSS3 PPP1CC SP6 DEFB1 OR10C1 MINPP1 ELMO3 HAAO TPSAB1 ACAD8	GARNL3 OR1J1 SPP2 USP17L2 ARMH3 ANKRD13A HELZ OR10J1 C9orf78 FAM174B SLC25A29 CELA2B TUBA3D DRP2 SLC35F6 ADAMTSL4 MRPL58 CCHCR1 CHRNA2 ADAM17 CLIP4 PSPH PTPN4 TCEA3 HAL CEP112 HTR3C CDC26 MUC2 GALNT12 PGAP1 EID2 VPS39 UBE2I XK ZNF268 MTCL1 RTP4 C19orf18 ITGB1 RAD1 PSTK MTCP1 SF3A3 CAMK2A IFNL4 NLRP2 PTGES3 MTRR OPA3 GPR34 CCDC134 BAP1 CLN3 SHH HCAR1 WDR54 PIK3R6 PCDH18 SSU72 RTTN	GO:1990874	vascular associated smooth muscle cell proliferation	1.8544399591998581e-171	61/61	GPER1,DBH,LDLRAP1,ERN1,MAP3K5,FRS2,APLN,PPARG,GNA13,BMPR1A,BMP4,POLDIP2,NDRG2,JAK2,TNF,HPGD,NR4A3,DDIT3,SOD2,IL10,CDKN1A,FGFR2,PDCD4,JUN,MEF2C,CALCRL,TGFB3,PDGFB,GJA1,FGF9,MYOCD,MEF2D,TPM1,MMP2,MFN2,FOXJ2,NF1,MDM2,GNA12,MAP3K7,ADIPOQ,FGF2,PTEN,HTR1B,GNAI2,TERT,TAFA5,P2RY6,EDN1,IGF1,MMP9,IGFBP5,SRC,EFEMP2,DDR2,RBM10,ADAMTS1,DNMT1,CDKN1B,CNN1,PRKG1	GO:1990874	vascular associated smooth muscle cell proliferation	4.8755731217784553e-57	30/61	DBH,ERN1,APLN,BMPR1A,POLDIP2,NDRG2,JAK2,HPGD,IL10,CDKN1A,MEF2C,TGFB3,PDGFB,FGF9,MYOCD,MEF2D,TPM1,MFN2,NF1,MAP3K7,P2RY6,EDN1,MMP9,IGFBP5,EFEMP2,DDR2,ADAMTS1,DNMT1,CDKN1B,PRKG1	GO:0035313	wound healing, spreading of epidermal cells	0.283984521611875	2/22	ITGB1,ADAM17
GO:0002792	ADRA2A KCNB1 SFRP1 IRS1 GHSR CRH LEP CD74 PFKL REST FFAR2 HADH UCP2 VSNL1 KCNJ11 FOXO1 KLF7 CRHBP GNAZ PSMD9 FKBP1B ACVR1C MIDN MTNR1B CCN3 SIRT4 DRD2 GHRL NDUFAF2 JAGN1 SYTL4 F2RL1 PPP3CA ABCC8 CARTPT PIM3 PTPN11 FFAR4 PRKN INHBB CHGA SREBF1 FAM3D ENY2 PDE8B BMP8A	46	negative regulation of peptide secretion	ADRA2A PPP3CA FOXO1 CHGA SFRP1 SREBF1 FAM3D LEP PDE8B DRD2 FFAR4 UCP2 BMP8A PIM3 CD74 CCN3 MIDN INHBB SYTL4 CARTPT SIRT4 PRKN PFKL SEPTIN2 COL4A5 OR4D2 NCR2 H3C15 ACTR2 AGTRAP MT1HL1 MIS12 ITGA10 OR14C36 MAPK7 COL18A1 RECQL5 HECW1 METTL23 UNC50 JUN TLDC2 PMPCB ASNS PROKR2 ATM	DCAF7 CIBAR2 GPNMB HAND1 ATP5MG MRI1 MOCOS CYP27A1 ENTR1 ZNF358 PLAGL1 DHX33 LRRC40 PCDHGB1 NEPRO ABHD5 PMM2 SRSF2 EPPIN-WFDC6 SDHD SNRPD3 KCNK9 PLAAT3 RXRB CFAP91 KLHL22 GDPGP1 DMRT3 BTLA DAAM1 ADAM2 TAF2 BCS1L LRTM2 CDK5R2 PPM1D PSMG2 ATP2C1 HSD17B10 THSD4 SYT2 DIS3L2 PLA2G2D PSMC3IP IDS TGM1	GO:0002792	negative regulation of peptide secretion	4.1458698708308e-134	46/46	KCNB1,MTNR1B,NDUFAF2,PTPN11,PSMD9,REST,FFAR4,BMP8A,KCNJ11,PDE8B,ADRA2A,CRHBP,PRKN,GHSR,DRD2,SIRT4,UCP2,MIDN,GNAZ,FKBP1B,VSNL1,FFAR2,PFKL,IRS1,ACVR1C,ENY2,SYTL4,LEP,ABCC8,CD74,CRH,CARTPT,KLF7,CHGA,JAGN1,FOXO1,GHRL,PIM3,SFRP1,F2RL1,SREBF1,PPP3CA,INHBB,FAM3D,HADH,CCN3	GO:0002792	negative regulation of peptide secretion	2.2747089064553793e-46	23/46	FFAR4,BMP8A,PDE8B,ADRA2A,PRKN,DRD2,SIRT4,UCP2,MIDN,PFKL,SYTL4,LEP,CD74,CARTPT,CHGA,FOXO1,PIM3,SFRP1,SREBF1,PPP3CA,INHBB,FAM3D,CCN3	GO:0036261	7-methylguanosine cap hypermethylation	0.2844342069551581	1/8	SNRPD3
GO:1900368	PUM1 MAEL TIAL1 RIPK1 TP53 FXR1 BCDIN3D FMR1 ADAR ZC3H10 DGCR8 DND1 TRUB1 PUM2 ZMPSTE24 LIN28B STAT3 MECP2 ELAVL1 TRIM71 IL6 ZFP36 BMP4 LIN28A TGFB1	25	regulation of post-transcriptional gene silencing by regulatory ncRNA	BMP4 ZMPSTE24 MAEL PUM2 ELAVL1 ZFP36 LIN28B IL6 TIAL1 TGFB1 FMR1 RIPK1 SLC8A3 ASCL3 ATP6V1G3 SERPINF1 ZNF283 CATSPERB COL3A1 AK5 XKR9 TOPBP1 UNC13A CPNE9 OR9K2	GPR75-ASB3 ELOC ADORA2B RPL41 PFDN5 PPP1R12C CPSF6 UNC13C ZBTB49 PSMA5 LETMD1 MAOA PTGS2 OR8H2 CBX3 ZNF285 ZNF507 FBXO44 ARHGAP27 ACAD8 TBC1D31 TRIML1 GP2 DBX1 CDX2	GO:1900368	regulation of post-transcriptional gene silencing by regulatory ncRNA	6.791966877567007e-78	25/25	TIAL1,FXR1,IL6,PUM1,TRUB1,ELAVL1,BMP4,DND1,MECP2,LIN28A,TGFB1,MAEL,RIPK1,ZFP36,FMR1,BCDIN3D,ADAR,LIN28B,STAT3,ZMPSTE24,PUM2,TP53,TRIM71,ZC3H10,DGCR8	GO:1900368	regulation of post-transcriptional gene silencing by regulatory ncRNA	2.464323072908448e-26	12/25	TIAL1,TGFB1,IL6,MAEL,ZMPSTE24,PUM2,RIPK1,FMR1,ELAVL1,BMP4,LIN28B,ZFP36	GO:0045986	negative regulation of smooth muscle contraction	0.1176942897854091	2/12	ADORA2B,PTGS2
GO:2000524	LILRB2 LILRB4 CD160	3	negative regulation of T cell costimulation	LILRB4 RIPK1 RASSF2	ATOH7 DRAM1 TOGARAM2	GO:2000524	negative regulation of T cell costimulation	6.739524525490562e-10	3/3	CD160,LILRB4,LILRB2	GO:0002761	regulation of myeloid leukocyte differentiation	0.0002296669377558	3/126	LILRB4,RASSF2,RIPK1	GO:1902669	positive regulation of axon guidance	0.0514507206490329	1/3	ATOH7
GO:2000556	IL18 ARID5A TBX21 SLAMF1 IL1R1 IL1B XCL1 IL18R1	8	positive regulation of T-helper 1 cell cytokine production	IL18 XCL1 SLAMF1 IL1R1 RPS6KA3 OR9Q1 OR52M1 ZFP36	PTH2 MGAT4C POM121 KRTAP4-9 DEFA1 SRPRA U2AF1 F2	GO:2000556	positive regulation of T-helper 1 cell cytokine production	6.723792063405313e-27	8/8	IL18R1,ARID5A,SLAMF1,IL1R1,XCL1,IL1B,IL18,TBX21	GO:2000556	positive regulation of T-helper 1 cell cytokine production	1.2486886934809656e-09	4/8	SLAMF1,IL1R1,XCL1,IL18	GO:0051873	killing by host of symbiont cells	0.0332540265504738	2/28	F2,DEFA1
GO:0120253	CYP2F1 BCO1 BCO2	3	hydrocarbon catabolic process	CYP2F1 NUF2 BTBD1	MORC3 ZNF627 EHMT1	GO:0120253	hydrocarbon catabolic process	9.853817447016887e-11	3/3	BCO1,CYP2F1,BCO2	GO:0120253	hydrocarbon catabolic process	0.0814096901315986	1/3	CYP2F1	GO:2001141	regulation of RNA biosynthetic process	0.0653239801094767	3/3358	MORC3,EHMT1,ZNF627
GO:0090100	SOX11 GDF5 TGFB3 NOTCH1 AMH TNXB FERMT1 TGFBR3 CSNK2B GDF2 BMP2 GATA6 CCN1 NUMA1 SMAD2 TWSG1 EP300 GIPC1 MSX1 NODAL CDH5 FKBP8 MSX2 ZNF423 LRG1 MEN1 SULF1 BMP10 GDF7 GATA4 SH2B1 ZC3H3 SLC2A10 ING2 BMP5 FLCN FBXL15 ACVR2B BMP6 HIPK2 FGF9 BMPR1A RNF111 BMP7 BMP4 UBE2O BMPR2 ACVR1B THBS1 ILK TGFBR2 GPC3 CDKN2B MYOCD ARK2C HES1 GDF6 TGFBR1 INHBA CITED2 AXIN1 KDR PELO STK11 ACVR1 ADISSP JAK2 PARP1 HFE DAB2 SDCBP NUP93 KCP CREBBP TGFB1 CRB2 HSP90AB1 TGFB1I1 TGFB2 BMPER KIAA0319 HES5 ACVR2A ITGA8 NOTCH2 CITED1 ENG NEO1 ELAPOR2 CDKN1C RBPJ ACVRL1 ZEB2 FOXD1 TBX20 SCUBE3 TSC22D1 NPNT SMAD4 SNW1	100	positive regulation of transmembrane receptor protein serine/threonine kinase signaling pathway	CDH5 BMP6 SH2B1 MSX2 ING2 ZC3H3 BMP4 TSC22D1 SCUBE3 CITED1 TGFB2 HFE EP300 JAK2 GDF7 GPC3 GATA4 MEN1 GATA6 TGFB3 ACVR2B RBPJ GDF6 SULF1 ITGA8 CITED2 FERMT1 NUP93 MSX1 KDR ZNF423 FGF9 ADISSP PARP1 NOTCH1 SNW1 ARK2C TGFBR3 SMAD2 GDF2 NOTCH2 CDKN1C BMPER CCN1 GIPC1 ACVR1B NPNT THBS1 FKBP8 KCP OR5I1 SMC3 ZNF143 ZNF514 PLIN3 CYP2A6 GABARAPL1 MAP1S PMF1 GALNT15 ZBTB48 ANKRD13C RBM27 FLRT1 APEH CD300LG KRT33B COG5 CPLX1 ABCA5 C2CD6 NGEF KIF12 ZNF132 TRAK1 CFL1 FTL ZNF80 DES DUSP7 RNF170 B4GALNT1 PA2G4 ACAD9 ANXA7 KCNMB2 OR2L2 INSL4 PCDHGB3 TRPM6 KIF24 PTPN13 CDK5RAP2 LMNA SYNRG ALOXE3 DEFA4 PSEN2 RBMXL3 VDAC1	KLRC4-KLRK1 SMC1A POU5F1 RAB1A TMPRSS4 COLGALT1 DCAF8 ATOH7 EED RBM39 TMCO1 ZNF213 LILRB1 MIS18A OBI1 SGSH ZNF737 ZNF101 ATG4C ABCD4 FBXL7 ZC4H2 CBX4 DUSP18 CYSLTR2 LYZL2 OSER1 CCDC103 TAGLN2 SCUBE2 GABRB1 ZNF44 ZSCAN23 BOP1 ZBTB40 KRIT1 NECAP2 KCNMB3 MMD ETV6 MRTO4 ANXA1 LHFPL3 ASAH2B ATP11B LOC107984156 ZNF514 OR4D10 ACO2 ZSCAN12 ODAD3 WRNIP1 SSX2 NISCH RBBP5 CC2D2A SAPCD2 ZNF48 BLOC1S5 RAB2A CARHSP1 CXCL5 ZNF593 SNCG SESN1 P3H3 MARCHF11 RIOK1 GPR87 TLN2 DNALI1 TBC1D32 SELENOO GMFB PRM2 CTBP1 ZNF749 GABRA4 HIGD2A DNAJA4 LCN6 KLK7 SCYL1 C3orf33 DUSP23 TMEM203 CHAF1A DAGLB FOXD4L4 VEZT DHX29 TNFSF13B UFSP2 TPPP3 CTAG1B DONSON POM121 UBR7 OR52K1 ECEL1	GO:0090100	positive regulation of transmembrane receptor protein serine/threonine kinase signaling pathway	3.853714689320157e-262	100/100	MSX2,SMAD2,BMP10,GDF7,CREBBP,RNF111,BMPR2,JAK2,CITED2,FBXL15,CCN1,ACVR1B,NPNT,HIPK2,BMP2,MYOCD,GDF2,PARP1,FOXD1,TGFB1I1,BMP7,GPC3,ADISSP,ACVR2B,HFE,GATA4,ACVR2A,KDR,CSNK2B,CDKN2B,BMPR1A,BMP4,HSP90AB1,LRG1,CDKN1C,ILK,SDCBP,EP300,ARK2C,GATA6,TGFBR3,INHBA,NUP93,BMPER,GIPC1,TNXB,TGFBR2,TGFB2,ENG,UBE2O,MSX1,NODAL,BMP6,TBX20,TSC22D1,SMAD4,MEN1,CDH5,STK11,FLCN,NEO1,TGFB1,FGF9,ACVR1,KCP,SNW1,ZEB2,ING2,AMH,HES1,ACVRL1,DAB2,SLC2A10,PELO,FERMT1,BMP5,AXIN1,GDF5,NOTCH2,ELAPOR2,ZC3H3,SOX11,FKBP8,SULF1,TWSG1,NOTCH1,CITED1,SH2B1,TGFB3,SCUBE3,CRB2,ITGA8,ZNF423,KIAA0319,RBPJ,TGFBR1,HES5,THBS1,GDF6,NUMA1	GO:0090100	positive regulation of transmembrane receptor protein serine/threonine kinase signaling pathway	2.788938643054548e-86	50/100	KDR,ZC3H3,MSX2,SMAD2,GDF7,BMP6,FKBP8,BMP4,SULF1,JAK2,TSC22D1,CITED2,MEN1,CCN1,CDH5,ACVR1B,NOTCH1,CITED1,NPNT,CDKN1C,SH2B1,TGFB3,SCUBE3,EP300,FGF9,KCP,SNW1,GDF2,ARK2C,ING2,ITGA8,GATA6,ZNF423,TGFBR3,PARP1,RBPJ,NUP93,BMPER,ADISSP,GPC3,ACVR2B,GIPC1,FERMT1,HFE,TGFB2,THBS1,GATA4,GDF6,NOTCH2,MSX1	GO:0036158	outer dynein arm assembly	0.5867226339229366	3/24	CCDC103,ODAD3,NISCH
