	index	Unnamed: 0	Name	Genes	Genes.1	LLM Name	LLM Analysis	Rank	Overlap	P-value	Adjusted P-value	Genes.2	Genes.3	GO term	GO ID	LLM_name_human_name_sim	GO_term_human_name_sim	winner
0	3075	0	ADIPOGENESIS	ABCA1 ABCB8 ACAA2 ACADL ACADM ACADS ACLY ACO2 ACOX1 ADCY6 ADIG ADIPOQ ADIPOR2 AGPAT3 AIFM1 AK2 ALDH2 ALDOA ANGPT1 ANGPTL4 APLP2 APOE ARAF ARL4A ATL2 ATP1B3 ATP5PO BAZ2A BCKDHA BCL2L13 BCL6 C3 CAT CAVIN1 CAVIN2 CCNG2 CD151 CD302 CD36 CDKN2C CHCHD10 CHUK CIDEA CMBL CMPK1 COL15A1 COL4A1 COQ3 COQ5 COQ9 COX6A1 COX7B COX8A CPT2 CRAT CS CYC1 CYP4B1 DBT DDT DECR1 DGAT1 DHCR7 DHRS7 DHRS7B DLAT DLD DNAJB9 DNAJC15 DRAM2 ECH1 ECHS1 ELMOD3 ELOVL6 ENPP2 EPHX2 ESRRA ESYT1 ETFB FABP4 FAH FZD4 G3BP2 GADD45A GBE1 GHITM GPAM GPAT4 GPD2 GPHN GPX3 GPX4 GRPEL1 HADH HIBCH HSPB8 IDH1 IDH3A IDH3G IFNGR1 IMMT ITGA7 ITIH5 ITSN1 JAGN1 LAMA4 LEP LIFR LIPE LPCAT3 LPL LTC4S MAP4K3 MCCC1 MDH2 ME1 MGLL MGST3 MIGA2 MRAP MRPL15 MTARC2 MTCH2 MYLK NABP1 NDUFA5 NDUFAB1 NDUFB7 NDUFS3 NKIRAS1 NMT1 OMD ORM1 PDCD4 PEMT PEX14 PFKFB3 PFKL PGM1 PHLDB1 PHYH PIM3 PLIN2 POR PPARG PPM1B PPP1R15B PRDX3 PREB PTCD3 PTGER3 QDPR RAB34 REEP5 REEP6 RETN RETSAT RIOK3 RMDN3 RNF11 RREB1 RTN3 SAMM50 SCARB1 SCP2 SDHB SDHC SLC19A1 SLC1A5 SLC25A1 SLC25A10 SLC27A1 SLC5A6 SLC66A3 SNCG SOD1 SORBS1 SOWAHC SPARCL1 SQOR SSPN STAT5A STOM SUCLG1 SULT1A1 TALDO1 TANK TKT TOB1 TST UBC UBQLN1 UCK1 UCP2 UQCR10 UQCR11 UQCRC1 UQCRQ VEGFB YWHAG	COX8A;COX7B;NDUFB7;NDUFA5;MDH2;SDHC;UQCR11;ETFB;UQCR10;COX6A1;SDHB;UQCRQ;NDUFAB1;NDUFS3;UQCRC1;CYC1	Fatty Acid Metabolism and Oxidative Phosphorylation	"The most prominent biological process performed by this system of interacting proteins is fatty acid metabolism and oxidative phosphorylation. The proteins involved in these processes are essential for energy production and storage in cells.

Reasoning and Supporting Information:

1. Fatty Acid Metabolism: Several proteins in the list are involved in fatty acid metabolism, including ACAA2, ACADL, ACADM, ACADS, ACOX1, CPT2, ELOVL6, FABP4, and LPL. These proteins play crucial roles in the breakdown, synthesis, and transport of fatty acids, which are essential for energy production and storage in cells.

2. Oxidative Phosphorylation: Many proteins in the list are involved in oxidative phosphorylation, a process that generates ATP, the primary energy currency of cells. Key proteins include ATP5PO, COX6A1, COX7B, COX8A, CYC1, NDUFA5, NDUFAB1, NDUFB7, NDUFS3, SDHB, SDHC, UQCR10, UQCR11, UQCRC1, and UQCRQ. These proteins are components of the electron transport chain, which is responsible for the transfer of electrons and the generation of ATP.

3. Lipid Metabolism and Transport: Proteins such as ABCA1, CD36, and SCARB1 are involved in lipid metabolism and transport. These proteins play essential roles in the uptake, transport, and efflux of lipids, which are crucial for maintaining cellular lipid homeostasis.

4. Regulation of Metabolic Processes: Several proteins, such as PPARG, SREBF1, and STAT5A, are transcription factors that regulate the expression of genes involved in lipid and glucose metabolism. These proteins modulate cellular responses to changes in nutrient availability and energy demands.

5. Antioxidant Defense: Proteins such as CAT, GPX3, GPX4, PRDX3, and SOD1 are involved in antioxidant defense mechanisms. These proteins protect cells from oxidative stress by neutralizing reactive oxygen species, which can damage cellular components and impair cellular functions.

In conclusion, the most prominent biological process performed by this system of interacting proteins is fatty acid metabolism and oxidative phosphorylation. These processes are essential for energy production and storage in cells and are regulated by various proteins involved in lipid metabolism, transport, and antioxidant defense."	0	16/85	2.342467314196513e-16	3.2208925570202053e-13	ABCA1 ABCB8 ACAA2 ACADL ACADM ACADS ACLY ACO2 ACOX1 ADCY6 ADIG ADIPOQ ADIPOR2 AGPAT3 AIFM1 AK2 ALDH2 ALDOA ANGPT1 ANGPTL4 APLP2 APOE ARAF ARL4A ATL2 ATP1B3 ATP5PO BAZ2A BCKDHA BCL2L13 BCL6 C3 CAT CAVIN1 CAVIN2 CCNG2 CD151 CD302 CD36 CDKN2C CHCHD10 CHUK CIDEA CMBL CMPK1 COL15A1 COL4A1 COQ3 COQ5 COQ9 COX6A1 COX7B COX8A CPT2 CRAT CS CYC1 CYP4B1 DBT DDT DECR1 DGAT1 DHCR7 DHRS7 DHRS7B DLAT DLD DNAJB9 DNAJC15 DRAM2 ECH1 ECHS1 ELMOD3 ELOVL6 ENPP2 EPHX2 ESRRA ESYT1 ETFB FABP4 FAH FZD4 G3BP2 GADD45A GBE1 GHITM GPAM GPAT4 GPD2 GPHN GPX3 GPX4 GRPEL1 HADH HIBCH HSPB8 IDH1 IDH3A IDH3G IFNGR1 IMMT ITGA7 ITIH5 ITSN1 JAGN1 LAMA4 LEP LIFR LIPE LPCAT3 LPL LTC4S MAP4K3 MCCC1 MDH2 ME1 MGLL MGST3 MIGA2 MRAP MRPL15 MTARC2 MTCH2 MYLK NABP1 NDUFA5 NDUFAB1 NDUFB7 NDUFS3 NKIRAS1 NMT1 OMD ORM1 PDCD4 PEMT PEX14 PFKFB3 PFKL PGM1 PHLDB1 PHYH PIM3 PLIN2 POR PPARG PPM1B PPP1R15B PRDX3 PREB PTCD3 PTGER3 QDPR RAB34 REEP5 REEP6 RETN RETSAT RIOK3 RMDN3 RNF11 RREB1 RTN3 SAMM50 SCARB1 SCP2 SDHB SDHC SLC19A1 SLC1A5 SLC25A1 SLC25A10 SLC27A1 SLC5A6 SLC66A3 SNCG SOD1 SORBS1 SOWAHC SPARCL1 SQOR SSPN STAT5A STOM SUCLG1 SULT1A1 TALDO1 TANK TKT TOB1 TST UBC UBQLN1 UCK1 UCP2 UQCR10 UQCR11 UQCRC1 UQCRQ VEGFB YWHAG	COX8A;COX7B;NDUFB7;NDUFA5;MDH2;SDHC;UQCR11;ETFB;UQCR10;COX6A1;SDHB;UQCRQ;NDUFAB1;NDUFS3;UQCRC1;CYC1	Cellular Respiration 	GO:0045333	0.43707296	0.4533456	Tied
1	0	0	ALLOGRAFT REJECTION	AARS1 ABCE1 ABI1 ACHE ACVR2A AKT1 APBB1 B2M BCAT1 BCL10 BCL3 BRCA1 C2 CAPG CARTPT CCL11 CCL13 CCL19 CCL2 CCL22 CCL4 CCL5 CCL7 CCND2 CCND3 CCR1 CCR2 CCR5 CD1D CD2 CD247 CD28 CD3D CD3E CD3G CD4 CD40 CD40LG CD47 CD7 CD74 CD79A CD80 CD86 CD8A CD8B CD96 CDKN2A CFP CRTAM CSF1 CSK CTSS CXCL13 CXCL9 CXCR3 DARS1 DEGS1 DYRK3 EGFR EIF3A EIF3D EIF3J EIF4G3 EIF5A ELANE ELF4 EREG ETS1 F2 F2R FAS FASLG FCGR2B FGR FLNA FYB1 GALNT1 GBP2 GCNT1 GLMN GPR65 GZMA GZMB HCLS1 HDAC9 HIF1A HLA-A HLA-DMA HLA-DMB HLA-DOA HLA-DOB HLA-DQA1 HLA-DRA HLA-E HLA-G ICAM1 ICOSLG IFNAR2 IFNG IFNGR1 IFNGR2 IGSF6 IKBKB IL10 IL11 IL12A IL12B IL12RB1 IL13 IL15 IL16 IL18 IL18RAP IL1B IL2 IL27RA IL2RA IL2RB IL2RG IL4 IL4R IL6 IL7 IL9 INHBA INHBB IRF4 IRF7 IRF8 ITGAL ITGB2 ITK JAK2 KLRD1 KRT1 LCK LCP2 LIF LTB LY75 LY86 LYN MAP3K7 MAP4K1 MBL2 MMP9 MRPL3 MTIF2 NCF4 NCK1 NCR1 NLRP3 NME1 NOS2 NPM1 PF4 PRF1 PRKCB PRKCG PSMB10 PTPN6 PTPRC RARS1 RIPK2 RPL39 RPL3L RPL9 RPS19 RPS3A RPS9 SIT1 SOCS1 SOCS5 SPI1 SRGN ST8SIA4 STAB1 STAT1 STAT4 TAP1 TAP2 TAPBP TGFB1 TGFB2 THY1 TIMP1 TLR1 TLR2 TLR3 TLR6 TNF TPD52 TRAF2 TRAT1 UBE2D1 UBE2N WARS1 WAS ZAP70	CD86;ITK;CD40;CD80;BRCA1;TNF;IL12B;IL12A;JAK2;MAP3K7;CCR2;MBL2;IL10;IL15;RIPK2;IL13;F2R;IL18;IL16;TRAF2;HLA-A;HLA-G;EREG;HLA-E;TLR1;FGR;IFNG;IRF4;IL1B;IRF7;TLR6;LTB;TLR3;TLR2;BCL10;HIF1A;NLRP3;CCL19;IL12RB1;ELANE;CD74;TGFB1;NOS2;CRTAM;GLMN;IL2;CD2;IL4;CD4;IL6;PTPRC;CD40LG;IL7;IL9;CD28	Immune Response Regulation	"The system of interacting proteins primarily performs the regulation of immune response. The proteins involved in this system can be categorized into several groups based on their functions:

1. Cytokines and their receptors: IL10, IL11, IL12A, IL12B, IL12RB1, IL13, IL15, IL16, IL18, IL18RAP, IL1B, IL2, IL27RA, IL2RA, IL2RB, IL2RG, IL4, IL4R, IL6, IL7, IL9, IFNAR2, IFNG, IFNGR1, IFNGR2, LIF, LTB, and TNF. These proteins are involved in the regulation of immune cell proliferation, differentiation, and activation.

2. Chemokines and their receptors: CCL11, CCL13, CCL19, CCL2, CCL22, CCL4, CCL5, CCL7, CCND2, CCND3, CCR1, CCR2, CCR5, CXCL13, CXCL9, and CXCR3. These proteins are responsible for the recruitment and migration of immune cells to the site of infection or inflammation.

3. T cell activation and signaling: CD1D, CD2, CD247, CD28, CD3D, CD3E, CD3G, CD4, CD40, CD40LG, CD7, CD74, CD79A, CD80, CD86, CD8A, CD8B, CD96, CRTAM, CSK, ELF4, ETS1, FAS, FASLG, FCGR2B, FGR, FLNA, FYB1, HCLS1, ICAM1, ICOSLG, ITGAL, ITGB2, ITK, JAK2, LCK, LCP2, LY75, LY86, LYN, MAP3K7, MAP4K1, NCK1, NCR1, PTPN6, PTPRC, SIT1, SOCS1, SOCS5, SPI1, STAT1, STAT4, TRAF2, TRAT1, UBE2D1, UBE2N, WAS, and ZAP70. These proteins are involved in the activation, differentiation, and function of T cells, which play a crucial role in adaptive immunity.

4. Antigen processing and presentation: B2M, HLA-A, HLA-DMA, HLA-DMB, HLA-DOA, HLA-DOB, HLA-DQA1, HLA-DRA, HLA-E, HLA-G, TAP1, TAP2, and TAPBP. These proteins are responsible for the processing and presentation of antigens to T cells, initiating the adaptive immune response.

5. Innate immune response: C2, CAPG, CARTPT, CD47, CTSS, DEGS1, DYRK3, EGFR, EIF3A, EIF3D, EIF3J, EIF4G3, EIF5A, ELANE, F2, F2R, GBP2, GCNT1, GLMN, GPR65, GZMA, GZMB, HDAC9, HIF1A, IKBKB, IL1B, INHBA, INHBB, IRF4, IRF7, IRF8, KLRD1, KRT1, MBL2, MMP9, MRPL3, MTIF2, NCF4, NLRP3, NME1, NOS2, NPM1, PF4, PRF1, PRKCB, PRKCG, PSMB10, RARS1, RIPK2, RPL39, RPL3L, RPL9, RPS19, RPS3A, RPS9, SRGN, ST8SIA4, STAB1, TLR1, TLR2, TLR3, TLR6, TPD52, and UBE2D1. These proteins are involved in the recognition, phagocytosis, and destruction of pathogens, as well as the activation of the adaptive immune response.

In conclusion, the most prominent biological process performed by this system of interacting proteins is the regulation of immune response, which includes the activation and function of both innate and adaptive immunity. The proteins involved in this system work together to recognize, respond to, and eliminate pathogens, as well as to maintain immune homeostasis."	0	55/320	1.489018642538626e-52	3.091202701910188e-49	AARS1 ABCE1 ABI1 ACHE ACVR2A AKT1 APBB1 B2M BCAT1 BCL10 BCL3 BRCA1 C2 CAPG CARTPT CCL11 CCL13 CCL19 CCL2 CCL22 CCL4 CCL5 CCL7 CCND2 CCND3 CCR1 CCR2 CCR5 CD1D CD2 CD247 CD28 CD3D CD3E CD3G CD4 CD40 CD40LG CD47 CD7 CD74 CD79A CD80 CD86 CD8A CD8B CD96 CDKN2A CFP CRTAM CSF1 CSK CTSS CXCL13 CXCL9 CXCR3 DARS1 DEGS1 DYRK3 EGFR EIF3A EIF3D EIF3J EIF4G3 EIF5A ELANE ELF4 EREG ETS1 F2 F2R FAS FASLG FCGR2B FGR FLNA FYB1 GALNT1 GBP2 GCNT1 GLMN GPR65 GZMA GZMB HCLS1 HDAC9 HIF1A HLA-A HLA-DMA HLA-DMB HLA-DOA HLA-DOB HLA-DQA1 HLA-DRA HLA-E HLA-G ICAM1 ICOSLG IFNAR2 IFNG IFNGR1 IFNGR2 IGSF6 IKBKB IL10 IL11 IL12A IL12B IL12RB1 IL13 IL15 IL16 IL18 IL18RAP IL1B IL2 IL27RA IL2RA IL2RB IL2RG IL4 IL4R IL6 IL7 IL9 INHBA INHBB IRF4 IRF7 IRF8 ITGAL ITGB2 ITK JAK2 KLRD1 KRT1 LCK LCP2 LIF LTB LY75 LY86 LYN MAP3K7 MAP4K1 MBL2 MMP9 MRPL3 MTIF2 NCF4 NCK1 NCR1 NLRP3 NME1 NOS2 NPM1 PF4 PRF1 PRKCB PRKCG PSMB10 PTPN6 PTPRC RARS1 RIPK2 RPL39 RPL3L RPL9 RPS19 RPS3A RPS9 SIT1 SOCS1 SOCS5 SPI1 SRGN ST8SIA4 STAB1 STAT1 STAT4 TAP1 TAP2 TAPBP TGFB1 TGFB2 THY1 TIMP1 TLR1 TLR2 TLR3 TLR6 TNF TPD52 TRAF2 TRAT1 UBE2D1 UBE2N WARS1 WAS ZAP70	CD86;ITK;CD40;CD80;BRCA1;TNF;IL12B;IL12A;JAK2;MAP3K7;CCR2;MBL2;IL10;IL15;RIPK2;IL13;F2R;IL18;IL16;TRAF2;HLA-A;HLA-G;EREG;HLA-E;TLR1;FGR;IFNG;IRF4;IL1B;IRF7;TLR6;LTB;TLR3;TLR2;BCL10;HIF1A;NLRP3;CCL19;IL12RB1;ELANE;CD74;TGFB1;NOS2;CRTAM;GLMN;IL2;CD2;IL4;CD4;IL6;PTPRC;CD40LG;IL7;IL9;CD28	Positive Regulation Of Cytokine Production 	GO:0001819	0.43272007	0.18633658	LLM
2	2076	0	ANDROGEN RESPONSE	ABCC4 ABHD2 ACSL3 ACTN1 ADAMTS1 ADRM1 AKAP12 AKT1 ALDH1A3 ANKH APPBP2 ARID5B AZGP1 B2M B4GALT1 BMPR1B CAMKK2 CCND1 CCND3 CDC14B CDK6 CENPN DBI DHCR24 DNAJB9 ELK4 ELL2 ELOVL5 FADS1 FKBP5 GNAI3 GPD1L GSR GUCY1A1 H1-0 HERC3 HMGCR HMGCS1 HOMER2 HPGD HSD17B14 IDI1 INPP4B INSIG1 IQGAP2 ITGAV KLK2 KLK3 KRT19 KRT8 LIFR LMAN1 MAF MAK MAP7 MERTK MYL12A NCOA4 NDRG1 NGLY1 NKX3-1 PA2G4 PDLIM5 PGM3 PIAS1 PLPP1 PMEPA1 PTK2B PTPN21 RAB4A RPS6KA3 RRP12 SAT1 SCD SEC24D SELENOP SGK1 SLC26A2 SLC38A2 SMS SORD SPCS3 SPDEF SRF SRP19 STEAP4 STK39 TARP TMEM50A TMPRSS2 TNFAIP8 TPD52 TSC22D1 UAP1 UBE2I UBE2J1 VAPA XRCC5 XRCC6 ZBTB10 ZMIZ1	ZMIZ1;PMEPA1;PLPP1;NKX3-1	Cholesterol Biosynthesis and Regulation	"The most prominent biological process performed by this system of interacting proteins is cholesterol biosynthesis and regulation. This conclusion is based on the presence of several key proteins involved in this process, including HMGCR, HMGCS1, DHCR24, IDI1, INSIG1, and SREBF1.

1. HMGCR (3-hydroxy-3-methylglutaryl-CoA reductase) is the rate-limiting enzyme in cholesterol biosynthesis, catalyzing the conversion of HMG-CoA to mevalonate. Its activity is regulated by feedback inhibition from cholesterol and its derivatives, as well as by phosphorylation by AMP-activated protein kinase (AMPK).

2. HMGCS1 (3-hydroxy-3-methylglutaryl-CoA synthase 1) is another key enzyme in cholesterol biosynthesis, catalyzing the condensation of acetyl-CoA and acetoacetyl-CoA to form HMG-CoA.

3. DHCR24 (24-dehydrocholesterol reductase) catalyzes the final step in cholesterol biosynthesis, converting desmosterol to cholesterol.

4. IDI1 (isopentenyl-diphosphate delta isomerase 1) is involved in the isoprenoid biosynthesis pathway, which is essential for the production of cholesterol and other isoprenoids.

5. INSIG1 (insulin-induced gene 1) is a key regulator of cholesterol homeostasis, binding to HMGCR and SREBF1 (sterol regulatory element-binding transcription factor 1) to inhibit cholesterol synthesis and uptake when cellular cholesterol levels are high.

6. SREBF1 is a transcription factor that regulates the expression of genes involved in cholesterol and fatty acid biosynthesis, including HMGCR and HMGCS1. Its activity is regulated by proteolytic cleavage in response to cellular cholesterol levels.

In addition to cholesterol biosynthesis and regulation, this system of interacting proteins is also involved in other important cellular processes, such as protein folding and degradation (DNAJB9, UBE2I, UBE2J1), cell cycle regulation (CCND1, CCND3, CDK6, CDC14B), and signal transduction (AKT1, CAMKK2, GNAI3, GUCY1A1, PTK2B, RPS6KA3, SGK1). However, the prominence of key proteins in cholesterol biosynthesis and regulation suggests that this is the most significant process performed by this system."	0	4/17	1.3861013554149986e-06	0.000823331325743	ABCC4 ABHD2 ACSL3 ACTN1 ADAMTS1 ADRM1 AKAP12 AKT1 ALDH1A3 ANKH APPBP2 ARID5B AZGP1 B2M B4GALT1 BMPR1B CAMKK2 CCND1 CCND3 CDC14B CDK6 CENPN DBI DHCR24 DNAJB9 ELK4 ELL2 ELOVL5 FADS1 FKBP5 GNAI3 GPD1L GSR GUCY1A1 H1-0 HERC3 HMGCR HMGCS1 HOMER2 HPGD HSD17B14 IDI1 INPP4B INSIG1 IQGAP2 ITGAV KLK2 KLK3 KRT19 KRT8 LIFR LMAN1 MAF MAK MAP7 MERTK MYL12A NCOA4 NDRG1 NGLY1 NKX3-1 PA2G4 PDLIM5 PGM3 PIAS1 PLPP1 PMEPA1 PTK2B PTPN21 RAB4A RPS6KA3 RRP12 SAT1 SCD SEC24D SELENOP SGK1 SLC26A2 SLC38A2 SMS SORD SPCS3 SPDEF SRF SRP19 STEAP4 STK39 TARP TMEM50A TMPRSS2 TNFAIP8 TPD52 TSC22D1 UAP1 UBE2I UBE2J1 VAPA XRCC5 XRCC6 ZBTB10 ZMIZ1	ZMIZ1;PMEPA1;PLPP1;NKX3-1	Androgen Receptor Signaling Pathway 	GO:0030521	0.47084036	0.6878784	GO
